[{"model": "admin.logentry", "pk": 1, "fields": {"action_time": "2023-02-11T21:07:54.541Z", "user": 5, "content_type": 13, "object_id": "1", "object_repr": "/news/ -- News", "action_flag": 1, "change_message": "[{\"added\": {}}]"}}, {"model": "admin.logentry", "pk": 2, "fields": {"action_time": "2023-02-11T21:10:16.040Z", "user": 5, "content_type": 13, "object_id": "1", "object_repr": "/news/ -- News", "action_flag": 2, "change_message": "[{\"changed\": {\"fields\": [\"Content\"]}}]"}}, {"model": "admin.logentry", "pk": 3, "fields": {"action_time": "2023-02-11T21:13:07.092Z", "user": 5, "content_type": 13, "object_id": "1", "object_repr": "/news/ -- News", "action_flag": 2, "change_message": "[{\"changed\": {\"fields\": [\"Content\"]}}]"}}, {"model": "admin.logentry", "pk": 4, "fields": {"action_time": "2023-02-12T20:42:34.567Z", "user": 5, "content_type": 10, "object_id": "5", "object_repr": "Новость: Привет. Автор: SkillFA", "action_flag": 1, "change_message": "[{\"added\": {}}]"}}, {"model": "admin.logentry", "pk": 5, "fields": {"action_time": "2023-02-14T20:13:39.962Z", "user": 5, "content_type": 10, "object_id": "4", "object_repr": "Статья: Newarticle. Автор: SkillFA", "action_flag": 2, "change_message": "[{\"changed\": {\"fields\": [\"\\u0421\\u0442\\u0430\\u0442\\u044c\\u044f\"]}}]"}}, {"model": "admin.logentry", "pk": 6, "fields": {"action_time": "2023-02-14T20:14:00.852Z", "user": 5, "content_type": 10, "object_id": "4", "object_repr": "Статья: Срочно! Матерый Волк. Автор: SkillFA", "action_flag": 2, "change_message": "[{\"changed\": {\"fields\": [\"\\u041e\\u0433\\u043b\\u0430\\u0432\\u043b\\u0435\\u043d\\u0438\\u0435\"]}}]"}}, {"model": "admin.logentry", "pk": 7, "fields": {"action_time": "2023-02-14T20:21:02.334Z", "user": 5, "content_type": 10, "object_id": "4", "object_repr": "Статья: Срочно! Матерый Волк. Автор: SkillFA", "action_flag": 2, "change_message": "[{\"changed\": {\"fields\": [\"\\u0421\\u0442\\u0430\\u0442\\u044c\\u044f\"]}}]"}}, {"model": "admin.logentry", "pk": 8, "fields": {"action_time": "2023-02-14T20:22:25.234Z", "user": 5, "content_type": 10, "object_id": "4", "object_repr": "Статья: Срочно! Матерый Волк. Автор: SkillFA", "action_flag": 2, "change_message": "[]"}}, {"model": "admin.logentry", "pk": 9, "fields": {"action_time": "2023-02-14T20:22:43.601Z", "user": 5, "content_type": 10, "object_id": "4", "object_repr": "Статья: Срочно! Матерый Волк. Автор: SkillFA", "action_flag": 2, "change_message": "[{\"changed\": {\"fields\": [\"\\u0421\\u0442\\u0430\\u0442\\u044c\\u044f\"]}}]"}}, {"model": "admin.logentry", "pk": 10, "fields": {"action_time": "2023-02-14T20:23:14.009Z", "user": 5, "content_type": 10, "object_id": "4", "object_repr": "Статья: Срочно! Матерый Волк. Автор: SkillFA", "action_flag": 2, "change_message": "[{\"changed\": {\"fields\": [\"\\u0421\\u0442\\u0430\\u0442\\u044c\\u044f\"]}}]"}}, {"model": "admin.logentry", "pk": 11, "fields": {"action_time": "2023-02-14T20:24:37.381Z", "user": 5, "content_type": 10, "object_id": "4", "object_repr": "Статья: Срочно! Матерый Волк. Автор: SkillFA", "action_flag": 2, "change_message": "[{\"changed\": {\"fields\": [\"\\u0421\\u0442\\u0430\\u0442\\u044c\\u044f\"]}}]"}}, {"model": "admin.logentry", "pk": 12, "fields": {"action_time": "2023-02-14T20:28:18.868Z", "user": 5, "content_type": 10, "object_id": "4", "object_repr": "Статья: Срочно! Матерый Волк. Автор: SkillFA", "action_flag": 2, "change_message": "[{\"changed\": {\"fields\": [\"\\u0421\\u0442\\u0430\\u0442\\u044c\\u044f\"]}}]"}}, {"model": "admin.logentry", "pk": 13, "fields": {"action_time": "2023-02-14T20:28:58.639Z", "user": 5, "content_type": 10, "object_id": "4", "object_repr": "Статья: Срочно! Матерый Волк. Автор: SkillFA", "action_flag": 2, "change_message": "[]"}}, {"model": "admin.logentry", "pk": 14, "fields": {"action_time": "2023-02-14T20:44:11.117Z", "user": 5, "content_type": 10, "object_id": "4", "object_repr": "Статья: Срочно! Матерый Волк. Автор: SkillFA", "action_flag": 2, "change_message": "[]"}}, {"model": "admin.logentry", "pk": 15, "fields": {"action_time": "2023-02-14T20:44:37.628Z", "user": 5, "content_type": 10, "object_id": "4", "object_repr": "Статья: Срочно! Матерый Волк. Автор: SkillFA", "action_flag": 2, "change_message": "[{\"changed\": {\"fields\": [\"\\u0421\\u0442\\u0430\\u0442\\u044c\\u044f\"]}}]"}}, {"model": "admin.logentry", "pk": 16, "fields": {"action_time": "2023-02-14T20:57:28.086Z", "user": 5, "content_type": 10, "object_id": "4", "object_repr": "Статья: Срочно! Матерый Волк. Автор: SkillFA", "action_flag": 2, "change_message": "[]"}}, {"model": "admin.logentry", "pk": 17, "fields": {"action_time": "2023-02-14T20:58:16.288Z", "user": 5, "content_type": 10, "object_id": "4", "object_repr": "Статья: Срочно! Матерый Волк. Автор: SkillFA", "action_flag": 2, "change_message": "[]"}}, {"model": "admin.logentry", "pk": 18, "fields": {"action_time": "2023-02-14T20:59:13.735Z", "user": 5, "content_type": 10, "object_id": "4", "object_repr": "Статья: Срочно! Матерый Волк. Автор: SkillFA", "action_flag": 2, "change_message": "[]"}}, {"model": "admin.logentry", "pk": 19, "fields": {"action_time": "2023-02-14T20:59:55.222Z", "user": 5, "content_type": 10, "object_id": "4", "object_repr": "Статья: Срочно! Матерый Волк. Автор: SkillFA", "action_flag": 2, "change_message": "[]"}}, {"model": "admin.logentry", "pk": 20, "fields": {"action_time": "2023-02-14T21:00:38.180Z", "user": 5, "content_type": 10, "object_id": "4", "object_repr": "Статья: Срочно! Матерый Волк. Автор: SkillFA", "action_flag": 2, "change_message": "[]"}}, {"model": "admin.logentry", "pk": 21, "fields": {"action_time": "2023-02-14T21:16:03.353Z", "user": 5, "content_type": 10, "object_id": "4", "object_repr": "Статья: Срочно! Матёрый Волк. Автор: SkillFA", "action_flag": 2, "change_message": "[{\"changed\": {\"fields\": [\"\\u041e\\u0433\\u043b\\u0430\\u0432\\u043b\\u0435\\u043d\\u0438\\u0435\"]}}]"}}, {"model": "admin.logentry", "pk": 22, "fields": {"action_time": "2023-02-14T21:16:23.959Z", "user": 5, "content_type": 10, "object_id": "4", "object_repr": "Статья: Срочно! Матёрый Волк. Автор: SkillFA", "action_flag": 2, "change_message": "[{\"changed\": {\"fields\": [\"\\u0421\\u0442\\u0430\\u0442\\u044c\\u044f\"]}}]"}}, {"model": "admin.logentry", "pk": 23, "fields": {"action_time": "2023-02-14T21:39:41.477Z", "user": 5, "content_type": 10, "object_id": "4", "object_repr": "Статья: Срочно! Матёрый Волк. Автор: SkillFA", "action_flag": 2, "change_message": "[{\"changed\": {\"fields\": [\"\\u0421\\u0442\\u0430\\u0442\\u044c\\u044f\"]}}]"}}, {"model": "admin.logentry", "pk": 24, "fields": {"action_time": "2023-02-14T21:49:20.804Z", "user": 5, "content_type": 10, "object_id": "4", "object_repr": "Статья: Срочно! Матёрый Волк. Автор: SkillFA", "action_flag": 2, "change_message": "[]"}}, {"model": "admin.logentry", "pk": 25, "fields": {"action_time": "2023-02-14T22:25:51.917Z", "user": 5, "content_type": 10, "object_id": "4", "object_repr": "Статья: Срочно! Матёрый Волк. Автор: SkillFA", "action_flag": 2, "change_message": "[{\"changed\": {\"fields\": [\"\\u0421\\u0442\\u0430\\u0442\\u044c\\u044f\"]}}]"}}, {"model": "admin.logentry", "pk": 26, "fields": {"action_time": "2023-02-14T22:42:54.542Z", "user": 5, "content_type": 10, "object_id": "4", "object_repr": "Статья: Срочно! Матёрый Волк. Автор: SkillFA", "action_flag": 2, "change_message": "[{\"changed\": {\"fields\": [\"\\u0421\\u0442\\u0430\\u0442\\u044c\\u044f\"]}}]"}}, {"model": "admin.logentry", "pk": 27, "fields": {"action_time": "2023-02-15T20:14:46.959Z", "user": 5, "content_type": 10, "object_id": "4", "object_repr": "Статья: Срочно! Матёрый Волк. Автор: SkillFA", "action_flag": 2, "change_message": "[{\"changed\": {\"fields\": [\"\\u0421\\u0442\\u0430\\u0442\\u044c\\u044f\"]}}]"}}, {"model": "admin.logentry", "pk": 28, "fields": {"action_time": "2023-02-15T20:18:44.872Z", "user": 5, "content_type": 10, "object_id": "4", "object_repr": "Новость: Срочно! Матёрый Волк. Автор: SkillFA", "action_flag": 2, "change_message": "[{\"changed\": {\"fields\": [\"\\u0412\\u0438\\u0434 \\u043f\\u0443\\u0431\\u043b\\u0438\\u043a\\u0430\\u0446\\u0438\\u0438\", \"\\u0421\\u0442\\u0430\\u0442\\u044c\\u044f\"]}}]"}}, {"model": "admin.logentry", "pk": 29, "fields": {"action_time": "2023-02-15T20:22:33.891Z", "user": 5, "content_type": 10, "object_id": "1", "object_repr": "Новость: Курьер Помог Белке Проникнуть В Дом. Автор: Russiks", "action_flag": 2, "change_message": "[{\"changed\": {\"fields\": [\"\\u041e\\u0433\\u043b\\u0430\\u0432\\u043b\\u0435\\u043d\\u0438\\u0435\", \"\\u0421\\u0442\\u0430\\u0442\\u044c\\u044f\"]}}]"}}, {"model": "admin.logentry", "pk": 30, "fields": {"action_time": "2023-02-15T20:23:41.108Z", "user": 5, "content_type": 10, "object_id": "1", "object_repr": "Новость: Курьер Помог Белке Проникнуть В Дом. Автор: Russiks", "action_flag": 2, "change_message": "[{\"changed\": {\"fields\": [\"\\u0421\\u0442\\u0430\\u0442\\u044c\\u044f\"]}}]"}}, {"model": "admin.logentry", "pk": 31, "fields": {"action_time": "2023-02-15T20:29:54.104Z", "user": 5, "content_type": 10, "object_id": "1", "object_repr": "Новость: <H2><Span Style=\"Color: #Ff6600;\"><Strong>Курьер Помог Белке Проникнуть В Дом</Strong></Span></H2>. Автор: Russiks", "action_flag": 2, "change_message": "[{\"changed\": {\"fields\": [\"\\u041e\\u0433\\u043b\\u0430\\u0432\\u043b\\u0435\\u043d\\u0438\\u0435\", \"\\u0421\\u0442\\u0430\\u0442\\u044c\\u044f\"]}}]"}}, {"model": "admin.logentry", "pk": 32, "fields": {"action_time": "2023-02-15T20:31:04.966Z", "user": 5, "content_type": 10, "object_id": "1", "object_repr": "Новость: Курьер Помог Белке Проникнуть В Дом. Автор: Russiks", "action_flag": 2, "change_message": "[{\"changed\": {\"fields\": [\"\\u041e\\u0433\\u043b\\u0430\\u0432\\u043b\\u0435\\u043d\\u0438\\u0435\", \"\\u0421\\u0442\\u0430\\u0442\\u044c\\u044f\"]}}]"}}, {"model": "admin.logentry", "pk": 33, "fields": {"action_time": "2023-02-15T20:59:55.752Z", "user": 5, "content_type": 10, "object_id": "1", "object_repr": "Новость: Курьер Помог Белке Проникнуть В Дом. Автор: Russiks", "action_flag": 2, "change_message": "[{\"changed\": {\"fields\": [\"\\u0421\\u0442\\u0430\\u0442\\u044c\\u044f\"]}}]"}}, {"model": "admin.logentry", "pk": 34, "fields": {"action_time": "2023-02-15T21:02:33.656Z", "user": 5, "content_type": 10, "object_id": "1", "object_repr": "Новость: Курьер Помог Белке Проникнуть В Дом. Автор: Russiks", "action_flag": 2, "change_message": "[{\"changed\": {\"fields\": [\"\\u0421\\u0442\\u0430\\u0442\\u044c\\u044f\"]}}]"}}, {"model": "admin.logentry", "pk": 35, "fields": {"action_time": "2023-02-15T21:29:49.719Z", "user": 5, "content_type": 10, "object_id": "1", "object_repr": "Новость: Курьер Помог Белке    Проникнуть В Дом. Автор: Russiks", "action_flag": 2, "change_message": "[{\"changed\": {\"fields\": [\"\\u041e\\u0433\\u043b\\u0430\\u0432\\u043b\\u0435\\u043d\\u0438\\u0435\"]}}]"}}, {"model": "admin.logentry", "pk": 36, "fields": {"action_time": "2023-02-15T22:32:27.767Z", "user": 5, "content_type": 10, "object_id": "1", "object_repr": "Новость: Курьер Помог Белке Проникнуть В Дом!!!. Автор: Russiks", "action_flag": 2, "change_message": "[{\"changed\": {\"fields\": [\"\\u041e\\u0433\\u043b\\u0430\\u0432\\u043b\\u0435\\u043d\\u0438\\u0435\"]}}]"}}, {"model": "admin.logentry", "pk": 37, "fields": {"action_time": "2023-02-18T20:40:15.157Z", "user": 5, "content_type": 10, "object_id": "6", "object_repr": "Статья: Публикация 1. Автор: SkillFA", "action_flag": 3, "change_message": ""}}, {"model": "admin.logentry", "pk": 38, "fields": {"action_time": "2023-02-18T20:46:15.819Z", "user": 5, "content_type": 10, "object_id": "8", "object_repr": "Новость: Публикация. Автор: Russiks", "action_flag": 3, "change_message": ""}}, {"model": "admin.logentry", "pk": 39, "fields": {"action_time": "2023-02-18T20:46:22.113Z", "user": 5, "content_type": 10, "object_id": "7", "object_repr": "Статья: Публикация Номер Один. Автор: Russiks", "action_flag": 3, "change_message": ""}}, {"model": "admin.logentry", "pk": 40, "fields": {"action_time": "2023-02-18T20:52:18.794Z", "user": 5, "content_type": 10, "object_id": "9", "object_repr": "Новость: Публикация Номер Один. Автор: SkillFA", "action_flag": 3, "change_message": ""}}, {"model": "admin.logentry", "pk": 41, "fields": {"action_time": "2023-02-18T21:56:28.281Z", "user": 5, "content_type": 10, "object_id": "13", "object_repr": "Статья: Новость. Автор: SkillFA", "action_flag": 3, "change_message": ""}}, {"model": "admin.logentry", "pk": 42, "fields": {"action_time": "2023-02-18T21:56:33.034Z", "user": 5, "content_type": 10, "object_id": "11", "object_repr": "Статья: Статья 1. Автор: SkillFA", "action_flag": 3, "change_message": ""}}, {"model": "admin.logentry", "pk": 43, "fields": {"action_time": "2023-02-18T21:56:41.138Z", "user": 5, "content_type": 10, "object_id": "12", "object_repr": "Новость: Новость 1. Автор: SkillFA", "action_flag": 3, "change_message": ""}}, {"model": "admin.logentry", "pk": 44, "fields": {"action_time": "2023-02-18T21:56:50.160Z", "user": 5, "content_type": 10, "object_id": "14", "object_repr": "Новость: Вваолдодылва. Автор: SkillFA", "action_flag": 3, "change_message": ""}}, {"model": "admin.logentry", "pk": 45, "fields": {"action_time": "2023-02-18T21:56:57.218Z", "user": 5, "content_type": 10, "object_id": "10", "object_repr": "Статья: Публикация Номер Один. Автор: Russiks", "action_flag": 3, "change_message": ""}}, {"model": "admin.logentry", "pk": 46, "fields": {"action_time": "2023-02-18T21:57:03.815Z", "user": 5, "content_type": 10, "object_id": "15", "object_repr": "Новость: Привет. Автор: SkillFA", "action_flag": 3, "change_message": ""}}, {"model": "admin.logentry", "pk": 47, "fields": {"action_time": "2023-02-18T22:24:30.479Z", "user": 5, "content_type": 10, "object_id": "18", "object_repr": "Статья: Sdfkmfsklfkllkkl. Автор: SkillFA", "action_flag": 3, "change_message": ""}}, {"model": "admin.logentry", "pk": 48, "fields": {"action_time": "2023-02-18T22:24:30.482Z", "user": 5, "content_type": 10, "object_id": "17", "object_repr": "Статья: Sdfkmfsklf. Автор: SkillFA", "action_flag": 3, "change_message": ""}}, {"model": "admin.logentry", "pk": 49, "fields": {"action_time": "2023-02-18T22:24:30.483Z", "user": 5, "content_type": 10, "object_id": "21", "object_repr": "Новость: Dddddd. Автор: SkillFA", "action_flag": 3, "change_message": ""}}, {"model": "admin.logentry", "pk": 50, "fields": {"action_time": "2023-02-18T22:24:30.484Z", "user": 5, "content_type": 10, "object_id": "20", "object_repr": "Новость: Adjlsdkjfsdlf. Автор: SkillFA", "action_flag": 3, "change_message": ""}}, {"model": "admin.logentry", "pk": 51, "fields": {"action_time": "2023-02-18T22:24:30.485Z", "user": 5, "content_type": 10, "object_id": "16", "object_repr": "Новость: Jib,Rf. Автор: SkillFA", "action_flag": 3, "change_message": ""}}, {"model": "admin.logentry", "pk": 52, "fields": {"action_time": "2023-02-18T22:24:30.486Z", "user": 5, "content_type": 10, "object_id": "19", "object_repr": "Новость: Первая Новость Проба. Автор: Russiks", "action_flag": 3, "change_message": ""}}, {"model": "admin.logentry", "pk": 53, "fields": {"action_time": "2023-02-24T17:07:45.328Z", "user": 5, "content_type": 13, "object_id": "2", "object_repr": "/about/ -- Welcome", "action_flag": 1, "change_message": "[{\"added\": {}}]"}}, {"model": "admin.logentry", "pk": 54, "fields": {"action_time": "2023-02-24T17:08:23.145Z", "user": 5, "content_type": 13, "object_id": "2", "object_repr": "/about/ -- Welcome", "action_flag": 2, "change_message": "[{\"changed\": {\"fields\": [\"Content\"]}}]"}}, {"model": "admin.logentry", "pk": 55, "fields": {"action_time": "2023-02-24T17:09:01.683Z", "user": 5, "content_type": 13, "object_id": "2", "object_repr": "/about/ -- Welcome", "action_flag": 2, "change_message": "[{\"changed\": {\"fields\": [\"Content\"]}}]"}}, {"model": "admin.logentry", "pk": 56, "fields": {"action_time": "2023-02-24T17:12:32.707Z", "user": 5, "content_type": 13, "object_id": "2", "object_repr": "/about/ -- Welcome", "action_flag": 2, "change_message": "[{\"changed\": {\"fields\": [\"Content\"]}}]"}}, {"model": "admin.logentry", "pk": 57, "fields": {"action_time": "2023-02-24T17:57:49.614Z", "user": 5, "content_type": 13, "object_id": "3", "object_repr": "/error_create/ -- error_create", "action_flag": 1, "change_message": "[{\"added\": {}}]"}}, {"model": "admin.logentry", "pk": 58, "fields": {"action_time": "2023-02-24T18:01:48.573Z", "user": 5, "content_type": 13, "object_id": "3", "object_repr": "/error_create/ -- Error create", "action_flag": 2, "change_message": "[{\"changed\": {\"fields\": [\"Title\", \"Content\"]}}]"}}, {"model": "admin.logentry", "pk": 59, "fields": {"action_time": "2023-02-24T18:02:29.993Z", "user": 5, "content_type": 13, "object_id": "3", "object_repr": "/error_create/ -- Error create", "action_flag": 2, "change_message": "[{\"changed\": {\"fields\": [\"Content\"]}}]"}}, {"model": "admin.logentry", "pk": 60, "fields": {"action_time": "2023-02-24T19:12:01.038Z", "user": 5, "content_type": 4, "object_id": "6", "object_repr": "Vasya89", "action_flag": 3, "change_message": ""}}, {"model": "admin.logentry", "pk": 61, "fields": {"action_time": "2023-02-24T19:47:48.255Z", "user": 5, "content_type": 12, "object_id": "1", "object_repr": "127.0.0.1", "action_flag": 2, "change_message": "[{\"changed\": {\"fields\": [\"Domain name\"]}}]"}}, {"model": "admin.logentry", "pk": 62, "fields": {"action_time": "2023-02-24T19:53:20.859Z", "user": 5, "content_type": 17, "object_id": "1", "object_repr": "NameYandex", "action_flag": 1, "change_message": "[{\"added\": {}}]"}}, {"model": "admin.logentry", "pk": 63, "fields": {"action_time": "2023-02-24T19:53:37.593Z", "user": 5, "content_type": 17, "object_id": "1", "object_repr": "YandexAccounts", "action_flag": 2, "change_message": "[{\"changed\": {\"fields\": [\"Name\"]}}]"}}, {"model": "admin.logentry", "pk": 64, "fields": {"action_time": "2023-02-24T20:28:34.954Z", "user": 5, "content_type": 3, "object_id": "1", "object_repr": "Normal users", "action_flag": 1, "change_message": "[{\"added\": {}}]"}}, {"model": "admin.logentry", "pk": 65, "fields": {"action_time": "2023-02-24T20:29:47.728Z", "user": 5, "content_type": 3, "object_id": "2", "object_repr": "Authors", "action_flag": 1, "change_message": "[{\"added\": {}}]"}}, {"model": "admin.logentry", "pk": 66, "fields": {"action_time": "2023-02-24T20:41:11.348Z", "user": 5, "content_type": 4, "object_id": "8", "object_repr": "russiks89", "action_flag": 2, "change_message": "[{\"changed\": {\"fields\": [\"Username\"]}}]"}}, {"model": "admin.logentry", "pk": 67, "fields": {"action_time": "2023-02-24T20:45:55.130Z", "user": 5, "content_type": 3, "object_id": "1", "object_repr": "normal users", "action_flag": 2, "change_message": "[{\"changed\": {\"fields\": [\"Name\"]}}]"}}, {"model": "admin.logentry", "pk": 68, "fields": {"action_time": "2023-02-24T20:46:01.213Z", "user": 5, "content_type": 3, "object_id": "2", "object_repr": "authors", "action_flag": 2, "change_message": "[{\"changed\": {\"fields\": [\"Name\"]}}]"}}, {"model": "admin.logentry", "pk": 69, "fields": {"action_time": "2023-02-24T21:09:12.702Z", "user": 5, "content_type": 3, "object_id": "2", "object_repr": "authors", "action_flag": 2, "change_message": "[{\"changed\": {\"fields\": [\"Permissions\"]}}]"}}, {"model": "admin.logentry", "pk": 70, "fields": {"action_time": "2023-02-24T21:18:45.070Z", "user": 5, "content_type": 3, "object_id": "2", "object_repr": "authors", "action_flag": 2, "change_message": "[]"}}, {"model": "admin.logentry", "pk": 71, "fields": {"action_time": "2023-02-24T21:33:48.152Z", "user": 5, "content_type": 4, "object_id": "3", "object_repr": "Russiks", "action_flag": 2, "change_message": "[{\"changed\": {\"fields\": [\"Groups\"]}}]"}}, {"model": "admin.logentry", "pk": 72, "fields": {"action_time": "2023-02-24T21:33:56.314Z", "user": 5, "content_type": 4, "object_id": "8", "object_repr": "russiks89", "action_flag": 2, "change_message": "[{\"changed\": {\"fields\": [\"Groups\"]}}]"}}, {"model": "admin.logentry", "pk": 73, "fields": {"action_time": "2023-02-24T21:38:10.148Z", "user": 5, "content_type": 3, "object_id": "2", "object_repr": "authors", "action_flag": 2, "change_message": "[]"}}, {"model": "admin.logentry", "pk": 74, "fields": {"action_time": "2023-02-24T21:38:26.534Z", "user": 5, "content_type": 4, "object_id": "5", "object_repr": "admin", "action_flag": 2, "change_message": "[{\"changed\": {\"fields\": [\"Groups\"]}}]"}}, {"model": "admin.logentry", "pk": 75, "fields": {"action_time": "2023-02-24T21:39:24.175Z", "user": 5, "content_type": 4, "object_id": "5", "object_repr": "admin", "action_flag": 2, "change_message": "[{\"changed\": {\"fields\": [\"Groups\"]}}]"}}, {"model": "admin.logentry", "pk": 76, "fields": {"action_time": "2023-02-24T21:42:53.682Z", "user": 5, "content_type": 4, "object_id": "7", "object_repr": "Vasya89", "action_flag": 2, "change_message": "[{\"changed\": {\"fields\": [\"password\"]}}]"}}, {"model": "admin.logentry", "pk": 77, "fields": {"action_time": "2023-02-24T21:43:06.379Z", "user": 5, "content_type": 4, "object_id": "7", "object_repr": "Vasya89", "action_flag": 2, "change_message": "[{\"changed\": {\"fields\": [\"Groups\"]}}]"}}, {"model": "admin.logentry", "pk": 78, "fields": {"action_time": "2023-02-24T21:44:07.130Z", "user": 5, "content_type": 3, "object_id": "2", "object_repr": "authors", "action_flag": 2, "change_message": "[{\"changed\": {\"fields\": [\"Permissions\"]}}]"}}, {"model": "admin.logentry", "pk": 79, "fields": {"action_time": "2023-02-24T21:47:54.384Z", "user": 5, "content_type": 3, "object_id": "2", "object_repr": "authors", "action_flag": 2, "change_message": "[{\"changed\": {\"fields\": [\"Permissions\"]}}]"}}, {"model": "admin.logentry", "pk": 80, "fields": {"action_time": "2023-02-24T22:07:33.392Z", "user": 5, "content_type": 4, "object_id": "7", "object_repr": "Vasya89", "action_flag": 2, "change_message": "[{\"changed\": {\"fields\": [\"Groups\"]}}]"}}, {"model": "admin.logentry", "pk": 81, "fields": {"action_time": "2023-03-03T12:54:55.863Z", "user": 5, "content_type": 4, "object_id": "10", "object_repr": "tskil4dmin89", "action_flag": 3, "change_message": ""}}, {"model": "admin.logentry", "pk": 82, "fields": {"action_time": "2023-03-03T13:25:40.941Z", "user": 5, "content_type": 4, "object_id": "5", "object_repr": "admin", "action_flag": 2, "change_message": "[{\"changed\": {\"fields\": [\"Email address\", \"Groups\"]}}]"}}, {"model": "admin.logentry", "pk": 83, "fields": {"action_time": "2023-03-03T13:33:08.280Z", "user": 5, "content_type": 4, "object_id": "12", "object_repr": "testskil", "action_flag": 3, "change_message": ""}}, {"model": "admin.logentry", "pk": 84, "fields": {"action_time": "2023-03-03T13:35:03.974Z", "user": 5, "content_type": 4, "object_id": "13", "object_repr": "testskil", "action_flag": 3, "change_message": ""}}, {"model": "admin.logentry", "pk": 85, "fields": {"action_time": "2023-03-03T14:05:36.835Z", "user": 5, "content_type": 4, "object_id": "14", "object_repr": "testskil", "action_flag": 3, "change_message": ""}}, {"model": "admin.logentry", "pk": 86, "fields": {"action_time": "2023-03-03T14:10:29.676Z", "user": 5, "content_type": 4, "object_id": "15", "object_repr": "testskil", "action_flag": 3, "change_message": ""}}, {"model": "admin.logentry", "pk": 87, "fields": {"action_time": "2023-03-03T14:15:37.912Z", "user": 5, "content_type": 4, "object_id": "16", "object_repr": "testskil", "action_flag": 3, "change_message": ""}}, {"model": "admin.logentry", "pk": 88, "fields": {"action_time": "2023-03-03T16:57:35.811Z", "user": 5, "content_type": 10, "object_id": "31", "object_repr": "Статья: Test. Автор: Russiks", "action_flag": 1, "change_message": "[{\"added\": {}}]"}}, {"model": "admin.logentry", "pk": 89, "fields": {"action_time": "2023-03-03T17:02:59.201Z", "user": 5, "content_type": 10, "object_id": "31", "object_repr": "Статья: Test. Автор: Russiks", "action_flag": 2, "change_message": "[{\"changed\": {\"fields\": [\"\\u0421\\u0442\\u0430\\u0442\\u044c\\u044f\"]}}]"}}, {"model": "admin.logentry", "pk": 90, "fields": {"action_time": "2023-03-03T18:14:55.762Z", "user": 5, "content_type": 7, "object_id": "6", "object_repr": "Новость: Проба. Автор: Russiks, Категория: Python", "action_flag": 1, "change_message": "[{\"added\": {}}]"}}, {"model": "admin.logentry", "pk": 91, "fields": {"action_time": "2023-03-03T18:15:18.607Z", "user": 5, "content_type": 10, "object_id": "32", "object_repr": "Новость: Проба. Автор: Russiks", "action_flag": 2, "change_message": "[]"}}, {"model": "admin.logentry", "pk": 92, "fields": {"action_time": "2023-03-03T19:24:08.815Z", "user": 5, "content_type": 10, "object_id": "39", "object_repr": "Статья: Hlnknklnlk. Автор: SkillFA", "action_flag": 3, "change_message": ""}}, {"model": "admin.logentry", "pk": 93, "fields": {"action_time": "2023-03-03T19:24:08.818Z", "user": 5, "content_type": 10, "object_id": "37", "object_repr": "Статья: Создание Кат. Автор: SkillFA", "action_flag": 3, "change_message": ""}}, {"model": "admin.logentry", "pk": 94, "fields": {"action_time": "2023-03-03T19:24:08.819Z", "user": 5, "content_type": 10, "object_id": "35", "object_repr": "Статья: Вася. Автор: SkillFA", "action_flag": 3, "change_message": ""}}, {"model": "admin.logentry", "pk": 95, "fields": {"action_time": "2023-03-03T19:24:08.820Z", "user": 5, "content_type": 10, "object_id": "30", "object_repr": "Статья: Пустое Поле. Автор: SkillFA", "action_flag": 3, "change_message": ""}}, {"model": "admin.logentry", "pk": 96, "fields": {"action_time": "2023-03-03T19:24:08.821Z", "user": 5, "content_type": 10, "object_id": "24", "object_repr": "Статья: Новость. Автор: SkillFA", "action_flag": 3, "change_message": ""}}, {"model": "admin.logentry", "pk": 97, "fields": {"action_time": "2023-03-03T20:09:50.317Z", "user": 5, "content_type": 7, "object_id": "11", "object_repr": "Новость: Cjj,Otbytdfs. Автор: SkillFA, Категория: News IT", "action_flag": 3, "change_message": ""}}, {"model": "admin.logentry", "pk": 98, "fields": {"action_time": "2023-03-04T08:58:35.889Z", "user": 5, "content_type": 10, "object_id": "46", "object_repr": "Новость: Hgffsdafjsafsafsafsldajfdsa. Автор: SkillFA", "action_flag": 3, "change_message": ""}}, {"model": "admin.logentry", "pk": 99, "fields": {"action_time": "2023-03-04T08:58:35.893Z", "user": 5, "content_type": 10, "object_id": "45", "object_repr": "Новость: Hgffsdafjsldajfdsa. Автор: SkillFA", "action_flag": 3, "change_message": ""}}, {"model": "admin.logentry", "pk": 100, "fields": {"action_time": "2023-03-04T08:58:35.895Z", "user": 5, "content_type": 10, "object_id": "44", "object_repr": "Новость: Hgffsdafjsldajfdsa. Автор: SkillFA", "action_flag": 3, "change_message": ""}}, {"model": "admin.logentry", "pk": 101, "fields": {"action_time": "2023-03-04T10:23:19.435Z", "user": 5, "content_type": 10, "object_id": "49", "object_repr": "Статья: Чсмчясмвыпмвымвяыаим. Автор: Russiks", "action_flag": 1, "change_message": "[{\"added\": {}}]"}}, {"model": "admin.logentry", "pk": 102, "fields": {"action_time": "2023-03-04T10:24:11.853Z", "user": 5, "content_type": 7, "object_id": "12", "object_repr": "Статья: Чсмчясмвыпмвымвяыаим. Автор: Russiks, Категория: News IT", "action_flag": 1, "change_message": "[{\"added\": {}}]"}}, {"model": "admin.logentry", "pk": 103, "fields": {"action_time": "2023-03-04T11:01:24.747Z", "user": 5, "content_type": 10, "object_id": "55", "object_repr": "Статья: Mnbjhbjm B. Автор: SkillFA", "action_flag": 3, "change_message": ""}}, {"model": "admin.logentry", "pk": 104, "fields": {"action_time": "2023-03-04T11:01:24.750Z", "user": 5, "content_type": 10, "object_id": "53", "object_repr": "Статья: Рлорлдо. Автор: SkillFA", "action_flag": 3, "change_message": ""}}, {"model": "admin.logentry", "pk": 105, "fields": {"action_time": "2023-03-04T12:30:14.050Z", "user": 5, "content_type": 7, "object_id": "15", "object_repr": "Новость: News It. Автор: SkillFA, Категория: News IT", "action_flag": 3, "change_message": ""}}, {"model": "admin.logentry", "pk": 106, "fields": {"action_time": "2023-03-04T12:30:14.052Z", "user": 5, "content_type": 7, "object_id": "14", "object_repr": "Новость: Ооывафа. Автор: SkillFA, Категория: About", "action_flag": 3, "change_message": ""}}, {"model": "admin.logentry", "pk": 107, "fields": {"action_time": "2023-03-04T12:30:14.053Z", "user": 5, "content_type": 7, "object_id": "12", "object_repr": "Статья: Чсмчясмвыпмвымвяыаим. Автор: Russiks, Категория: News IT", "action_flag": 3, "change_message": ""}}, {"model": "admin.logentry", "pk": 108, "fields": {"action_time": "2023-03-04T12:30:30.998Z", "user": 5, "content_type": 10, "object_id": "67", "object_repr": "Статья: Hksdfjlsakdfj. Автор: SkillFA", "action_flag": 3, "change_message": ""}}, {"model": "admin.logentry", "pk": 109, "fields": {"action_time": "2023-03-04T12:30:30.999Z", "user": 5, "content_type": 10, "object_id": "66", "object_repr": "Статья: Rfntusalkfj. Автор: SkillFA", "action_flag": 3, "change_message": ""}}, {"model": "admin.logentry", "pk": 110, "fields": {"action_time": "2023-03-04T12:30:31.000Z", "user": 5, "content_type": 10, "object_id": "65", "object_repr": "Статья: Рвададава. Автор: SkillFA", "action_flag": 3, "change_message": ""}}, {"model": "admin.logentry", "pk": 111, "fields": {"action_time": "2023-03-04T12:30:31.001Z", "user": 5, "content_type": 10, "object_id": "63", "object_repr": "Статья: Фывлдадыфлва. Автор: SkillFA", "action_flag": 3, "change_message": ""}}, {"model": "admin.logentry", "pk": 112, "fields": {"action_time": "2023-03-04T12:30:31.002Z", "user": 5, "content_type": 10, "object_id": "41", "object_repr": "Статья: Через Категорию. Автор: SkillFA", "action_flag": 3, "change_message": ""}}, {"model": "admin.logentry", "pk": 113, "fields": {"action_time": "2023-03-04T12:30:31.002Z", "user": 5, "content_type": 10, "object_id": "40", "object_repr": "Статья: Через Категорию. Автор: SkillFA", "action_flag": 3, "change_message": ""}}, {"model": "admin.logentry", "pk": 114, "fields": {"action_time": "2023-03-04T12:30:31.003Z", "user": 5, "content_type": 10, "object_id": "22", "object_repr": "Статья: Создание Страниц. Автор: SkillFA", "action_flag": 3, "change_message": ""}}, {"model": "admin.logentry", "pk": 115, "fields": {"action_time": "2023-03-04T12:35:08.896Z", "user": 5, "content_type": 10, "object_id": "68", "object_repr": "Статья: Text 1. Автор: SkillFA", "action_flag": 3, "change_message": ""}}, {"model": "admin.logentry", "pk": 116, "fields": {"action_time": "2023-03-04T12:38:52.883Z", "user": 5, "content_type": 10, "object_id": "69", "object_repr": "Новость: Text 1. Автор: SkillFA", "action_flag": 3, "change_message": ""}}, {"model": "admin.logentry", "pk": 117, "fields": {"action_time": "2023-03-04T12:41:18.778Z", "user": 5, "content_type": 10, "object_id": "50", "object_repr": "Новость: Fdsfsklgjldsfgjldfsk. Автор: SkillFA", "action_flag": 3, "change_message": ""}}, {"model": "admin.logentry", "pk": 118, "fields": {"action_time": "2023-03-04T12:41:18.781Z", "user": 5, "content_type": 10, "object_id": "42", "object_repr": "Новость: Cjj,Otbytdfs. Автор: SkillFA", "action_flag": 3, "change_message": ""}}, {"model": "admin.logentry", "pk": 119, "fields": {"action_time": "2023-03-04T12:41:18.782Z", "user": 5, "content_type": 10, "object_id": "33", "object_repr": "Новость: Ghj,F Gthf. Автор: SkillFA", "action_flag": 3, "change_message": ""}}, {"model": "admin.logentry", "pk": 120, "fields": {"action_time": "2023-03-22T16:35:27.819Z", "user": 5, "content_type": 10, "object_id": "36", "object_repr": "Статья: Через Категории  1234. Автор: Russiks", "action_flag": 2, "change_message": "[{\"changed\": {\"fields\": [\"\\u041e\\u0433\\u043b\\u0430\\u0432\\u043b\\u0435\\u043d\\u0438\\u0435\", \"\\u0421\\u0442\\u0430\\u0442\\u044c\\u044f\"]}}]"}}, {"model": "admin.logentry", "pk": 121, "fields": {"action_time": "2023-03-22T16:36:26.994Z", "user": 5, "content_type": 10, "object_id": "36", "object_repr": "Новость: Через Категории. Автор: SkillFA", "action_flag": 2, "change_message": "[{\"changed\": {\"fields\": [\"\\u0412\\u0438\\u0434 \\u043f\\u0443\\u0431\\u043b\\u0438\\u043a\\u0430\\u0446\\u0438\\u0438\", \"\\u0410\\u0432\\u0442\\u043e\\u0440\", \"\\u041e\\u0433\\u043b\\u0430\\u0432\\u043b\\u0435\\u043d\\u0438\\u0435\", \"\\u0421\\u0442\\u0430\\u0442\\u044c\\u044f\"]}}]"}}, {"model": "admin.logentry", "pk": 122, "fields": {"action_time": "2023-03-22T16:37:59.387Z", "user": 5, "content_type": 10, "object_id": "36", "object_repr": "Статья: Через Категории 1234. Автор: Russiks", "action_flag": 2, "change_message": "[{\"changed\": {\"fields\": [\"\\u0412\\u0438\\u0434 \\u043f\\u0443\\u0431\\u043b\\u0438\\u043a\\u0430\\u0446\\u0438\\u0438\", \"\\u0410\\u0432\\u0442\\u043e\\u0440\", \"\\u041e\\u0433\\u043b\\u0430\\u0432\\u043b\\u0435\\u043d\\u0438\\u0435\", \"\\u0421\\u0442\\u0430\\u0442\\u044c\\u044f\"]}}]"}}, {"model": "admin.logentry", "pk": 123, "fields": {"action_time": "2023-03-22T16:39:46.839Z", "user": 5, "content_type": 10, "object_id": "36", "object_repr": "Новость: Через Категории Hi. Автор: SkillFA", "action_flag": 2, "change_message": "[{\"changed\": {\"fields\": [\"\\u0412\\u0438\\u0434 \\u043f\\u0443\\u0431\\u043b\\u0438\\u043a\\u0430\\u0446\\u0438\\u0438\", \"\\u0410\\u0432\\u0442\\u043e\\u0440\", \"\\u041e\\u0433\\u043b\\u0430\\u0432\\u043b\\u0435\\u043d\\u0438\\u0435\", \"\\u0421\\u0442\\u0430\\u0442\\u044c\\u044f\"]}}]"}}, {"model": "admin.logentry", "pk": 124, "fields": {"action_time": "2023-03-22T17:00:14.831Z", "user": 5, "content_type": 10, "object_id": "98", "object_repr": "Статья: Привет. Автор: SkillFA", "action_flag": 2, "change_message": "[{\"changed\": {\"fields\": [\"\\u041e\\u0433\\u043b\\u0430\\u0432\\u043b\\u0435\\u043d\\u0438\\u0435\"]}}]"}}, {"model": "admin.logentry", "pk": 125, "fields": {"action_time": "2023-03-22T17:00:49.392Z", "user": 5, "content_type": 10, "object_id": "98", "object_repr": "Статья: Зззззззззз. Автор: SkillFA", "action_flag": 2, "change_message": "[{\"changed\": {\"fields\": [\"\\u041e\\u0433\\u043b\\u0430\\u0432\\u043b\\u0435\\u043d\\u0438\\u0435\"]}}]"}}, {"model": "admin.logentry", "pk": 126, "fields": {"action_time": "2023-03-22T17:01:11.529Z", "user": 5, "content_type": 10, "object_id": "98", "object_repr": "Статья: Зззззззззз. Автор: SkillFA", "action_flag": 2, "change_message": "[{\"changed\": {\"fields\": [\"\\u0421\\u0442\\u0430\\u0442\\u044c\\u044f\"]}}]"}}, {"model": "admin.logentry", "pk": 127, "fields": {"action_time": "2023-03-22T17:04:27.185Z", "user": 5, "content_type": 10, "object_id": "98", "object_repr": "Статья: Опа Па. Автор: SkillFA", "action_flag": 2, "change_message": "[{\"changed\": {\"fields\": [\"\\u041e\\u0433\\u043b\\u0430\\u0432\\u043b\\u0435\\u043d\\u0438\\u0435\", \"\\u0421\\u0442\\u0430\\u0442\\u044c\\u044f\"]}}]"}}, {"model": "auth.permission", "pk": 1, "fields": {"name": "Can add log entry", "content_type": 1, "codename": "add_logentry"}}, {"model": "auth.permission", "pk": 2, "fields": {"name": "Can change log entry", "content_type": 1, "codename": "change_logentry"}}, {"model": "auth.permission", "pk": 3, "fields": {"name": "Can delete log entry", "content_type": 1, "codename": "delete_logentry"}}, {"model": "auth.permission", "pk": 4, "fields": {"name": "Can view log entry", "content_type": 1, "codename": "view_logentry"}}, {"model": "auth.permission", "pk": 5, "fields": {"name": "Can add permission", "content_type": 2, "codename": "add_permission"}}, {"model": "auth.permission", "pk": 6, "fields": {"name": "Can change permission", "content_type": 2, "codename": "change_permission"}}, {"model": "auth.permission", "pk": 7, "fields": {"name": "Can delete permission", "content_type": 2, "codename": "delete_permission"}}, {"model": "auth.permission", "pk": 8, "fields": {"name": "Can view permission", "content_type": 2, "codename": "view_permission"}}, {"model": "auth.permission", "pk": 9, "fields": {"name": "Can add group", "content_type": 3, "codename": "add_group"}}, {"model": "auth.permission", "pk": 10, "fields": {"name": "Can change group", "content_type": 3, "codename": "change_group"}}, {"model": "auth.permission", "pk": 11, "fields": {"name": "Can delete group", "content_type": 3, "codename": "delete_group"}}, {"model": "auth.permission", "pk": 12, "fields": {"name": "Can view group", "content_type": 3, "codename": "view_group"}}, {"model": "auth.permission", "pk": 13, "fields": {"name": "Can add user", "content_type": 4, "codename": "add_user"}}, {"model": "auth.permission", "pk": 14, "fields": {"name": "Can change user", "content_type": 4, "codename": "change_user"}}, {"model": "auth.permission", "pk": 15, "fields": {"name": "Can delete user", "content_type": 4, "codename": "delete_user"}}, {"model": "auth.permission", "pk": 16, "fields": {"name": "Can view user", "content_type": 4, "codename": "view_user"}}, {"model": "auth.permission", "pk": 17, "fields": {"name": "Can add content type", "content_type": 5, "codename": "add_contenttype"}}, {"model": "auth.permission", "pk": 18, "fields": {"name": "Can change content type", "content_type": 5, "codename": "change_contenttype"}}, {"model": "auth.permission", "pk": 19, "fields": {"name": "Can delete content type", "content_type": 5, "codename": "delete_contenttype"}}, {"model": "auth.permission", "pk": 20, "fields": {"name": "Can view content type", "content_type": 5, "codename": "view_contenttype"}}, {"model": "auth.permission", "pk": 21, "fields": {"name": "Can add session", "content_type": 6, "codename": "add_session"}}, {"model": "auth.permission", "pk": 22, "fields": {"name": "Can change session", "content_type": 6, "codename": "change_session"}}, {"model": "auth.permission", "pk": 23, "fields": {"name": "Can delete session", "content_type": 6, "codename": "delete_session"}}, {"model": "auth.permission", "pk": 24, "fields": {"name": "Can view session", "content_type": 6, "codename": "view_session"}}, {"model": "auth.permission", "pk": 25, "fields": {"name": "Can add post category", "content_type": 7, "codename": "add_postcategory"}}, {"model": "auth.permission", "pk": 26, "fields": {"name": "Can change post category", "content_type": 7, "codename": "change_postcategory"}}, {"model": "auth.permission", "pk": 27, "fields": {"name": "Can delete post category", "content_type": 7, "codename": "delete_postcategory"}}, {"model": "auth.permission", "pk": 28, "fields": {"name": "Can view post category", "content_type": 7, "codename": "view_postcategory"}}, {"model": "auth.permission", "pk": 29, "fields": {"name": "Can add comment", "content_type": 8, "codename": "add_comment"}}, {"model": "auth.permission", "pk": 30, "fields": {"name": "Can change comment", "content_type": 8, "codename": "change_comment"}}, {"model": "auth.permission", "pk": 31, "fields": {"name": "Can delete comment", "content_type": 8, "codename": "delete_comment"}}, {"model": "auth.permission", "pk": 32, "fields": {"name": "Can view comment", "content_type": 8, "codename": "view_comment"}}, {"model": "auth.permission", "pk": 33, "fields": {"name": "Can add category", "content_type": 9, "codename": "add_category"}}, {"model": "auth.permission", "pk": 34, "fields": {"name": "Can change category", "content_type": 9, "codename": "change_category"}}, {"model": "auth.permission", "pk": 35, "fields": {"name": "Can delete category", "content_type": 9, "codename": "delete_category"}}, {"model": "auth.permission", "pk": 36, "fields": {"name": "Can view category", "content_type": 9, "codename": "view_category"}}, {"model": "auth.permission", "pk": 37, "fields": {"name": "Can add post", "content_type": 10, "codename": "add_post"}}, {"model": "auth.permission", "pk": 38, "fields": {"name": "Can change post", "content_type": 10, "codename": "change_post"}}, {"model": "auth.permission", "pk": 39, "fields": {"name": "Can delete post", "content_type": 10, "codename": "delete_post"}}, {"model": "auth.permission", "pk": 40, "fields": {"name": "Can view post", "content_type": 10, "codename": "view_post"}}, {"model": "auth.permission", "pk": 41, "fields": {"name": "Can add author", "content_type": 11, "codename": "add_author"}}, {"model": "auth.permission", "pk": 42, "fields": {"name": "Can change author", "content_type": 11, "codename": "change_author"}}, {"model": "auth.permission", "pk": 43, "fields": {"name": "Can delete author", "content_type": 11, "codename": "delete_author"}}, {"model": "auth.permission", "pk": 44, "fields": {"name": "Can view author", "content_type": 11, "codename": "view_author"}}, {"model": "auth.permission", "pk": 45, "fields": {"name": "Can add site", "content_type": 12, "codename": "add_site"}}, {"model": "auth.permission", "pk": 46, "fields": {"name": "Can change site", "content_type": 12, "codename": "change_site"}}, {"model": "auth.permission", "pk": 47, "fields": {"name": "Can delete site", "content_type": 12, "codename": "delete_site"}}, {"model": "auth.permission", "pk": 48, "fields": {"name": "Can view site", "content_type": 12, "codename": "view_site"}}, {"model": "auth.permission", "pk": 49, "fields": {"name": "Can add flat page", "content_type": 13, "codename": "add_flatpage"}}, {"model": "auth.permission", "pk": 50, "fields": {"name": "Can change flat page", "content_type": 13, "codename": "change_flatpage"}}, {"model": "auth.permission", "pk": 51, "fields": {"name": "Can delete flat page", "content_type": 13, "codename": "delete_flatpage"}}, {"model": "auth.permission", "pk": 52, "fields": {"name": "Can view flat page", "content_type": 13, "codename": "view_flatpage"}}, {"model": "auth.permission", "pk": 53, "fields": {"name": "Can add email address", "content_type": 14, "codename": "add_emailaddress"}}, {"model": "auth.permission", "pk": 54, "fields": {"name": "Can change email address", "content_type": 14, "codename": "change_emailaddress"}}, {"model": "auth.permission", "pk": 55, "fields": {"name": "Can delete email address", "content_type": 14, "codename": "delete_emailaddress"}}, {"model": "auth.permission", "pk": 56, "fields": {"name": "Can view email address", "content_type": 14, "codename": "view_emailaddress"}}, {"model": "auth.permission", "pk": 57, "fields": {"name": "Can add email confirmation", "content_type": 15, "codename": "add_emailconfirmation"}}, {"model": "auth.permission", "pk": 58, "fields": {"name": "Can change email confirmation", "content_type": 15, "codename": "change_emailconfirmation"}}, {"model": "auth.permission", "pk": 59, "fields": {"name": "Can delete email confirmation", "content_type": 15, "codename": "delete_emailconfirmation"}}, {"model": "auth.permission", "pk": 60, "fields": {"name": "Can view email confirmation", "content_type": 15, "codename": "view_emailconfirmation"}}, {"model": "auth.permission", "pk": 61, "fields": {"name": "Can add social account", "content_type": 16, "codename": "add_socialaccount"}}, {"model": "auth.permission", "pk": 62, "fields": {"name": "Can change social account", "content_type": 16, "codename": "change_socialaccount"}}, {"model": "auth.permission", "pk": 63, "fields": {"name": "Can delete social account", "content_type": 16, "codename": "delete_socialaccount"}}, {"model": "auth.permission", "pk": 64, "fields": {"name": "Can view social account", "content_type": 16, "codename": "view_socialaccount"}}, {"model": "auth.permission", "pk": 65, "fields": {"name": "Can add social application", "content_type": 17, "codename": "add_socialapp"}}, {"model": "auth.permission", "pk": 66, "fields": {"name": "Can change social application", "content_type": 17, "codename": "change_socialapp"}}, {"model": "auth.permission", "pk": 67, "fields": {"name": "Can delete social application", "content_type": 17, "codename": "delete_socialapp"}}, {"model": "auth.permission", "pk": 68, "fields": {"name": "Can view social application", "content_type": 17, "codename": "view_socialapp"}}, {"model": "auth.permission", "pk": 69, "fields": {"name": "Can add social application token", "content_type": 18, "codename": "add_socialtoken"}}, {"model": "auth.permission", "pk": 70, "fields": {"name": "Can change social application token", "content_type": 18, "codename": "change_socialtoken"}}, {"model": "auth.permission", "pk": 71, "fields": {"name": "Can delete social application token", "content_type": 18, "codename": "delete_socialtoken"}}, {"model": "auth.permission", "pk": 72, "fields": {"name": "Can view social application token", "content_type": 18, "codename": "view_socialtoken"}}, {"model": "auth.permission", "pk": 73, "fields": {"name": "Can add django job", "content_type": 19, "codename": "add_djangojob"}}, {"model": "auth.permission", "pk": 74, "fields": {"name": "Can change django job", "content_type": 19, "codename": "change_djangojob"}}, {"model": "auth.permission", "pk": 75, "fields": {"name": "Can delete django job", "content_type": 19, "codename": "delete_djangojob"}}, {"model": "auth.permission", "pk": 76, "fields": {"name": "Can view django job", "content_type": 19, "codename": "view_djangojob"}}, {"model": "auth.permission", "pk": 77, "fields": {"name": "Can add django job execution", "content_type": 20, "codename": "add_djangojobexecution"}}, {"model": "auth.permission", "pk": 78, "fields": {"name": "Can change django job execution", "content_type": 20, "codename": "change_djangojobexecution"}}, {"model": "auth.permission", "pk": 79, "fields": {"name": "Can delete django job execution", "content_type": 20, "codename": "delete_djangojobexecution"}}, {"model": "auth.permission", "pk": 80, "fields": {"name": "Can view django job execution", "content_type": 20, "codename": "view_djangojobexecution"}}, {"model": "auth.permission", "pk": 81, "fields": {"name": "Can add subscription", "content_type": 21, "codename": "add_subscription"}}, {"model": "auth.permission", "pk": 82, "fields": {"name": "Can change subscription", "content_type": 21, "codename": "change_subscription"}}, {"model": "auth.permission", "pk": 83, "fields": {"name": "Can delete subscription", "content_type": 21, "codename": "delete_subscription"}}, {"model": "auth.permission", "pk": 84, "fields": {"name": "Can view subscription", "content_type": 21, "codename": "view_subscription"}}, {"model": "auth.group", "pk": 1, "fields": {"name": "normal users", "permissions": []}}, {"model": "auth.group", "pk": 2, "fields": {"name": "authors", "permissions": [37, 38, 39]}}, {"model": "auth.user", "pk": 1, "fields": {"password": "!pzbkJOTPVBzV8LdEj9N0h3qSB0COEfVbpgipnaNu", "last_login": null, "is_superuser": false, "username": "Topa", "first_name": "", "last_name": "", "email": "", "is_staff": false, "is_active": true, "date_joined": "2023-02-09T13:20:15.330Z", "groups": [], "user_permissions": []}}, {"model": "auth.user", "pk": 2, "fields": {"password": "!Wikrge23byKorw6wrx6Q0rwJvvFZ6ilo4JX91TSc", "last_login": null, "is_superuser": false, "username": "Liter", "first_name": "", "last_name": "", "email": "", "is_staff": false, "is_active": true, "date_joined": "2023-02-09T13:22:24.933Z", "groups": [], "user_permissions": []}}, {"model": "auth.user", "pk": 3, "fields": {"password": "!ilVsiSztrT7mpk8spkNt7wNUKUHeC2lpzFbWr27K", "last_login": null, "is_superuser": false, "username": "Russiks", "first_name": "", "last_name": "", "email": "", "is_staff": false, "is_active": true, "date_joined": "2023-02-09T13:22:56Z", "groups": [2], "user_permissions": []}}, {"model": "auth.user", "pk": 4, "fields": {"password": "!POGrCvLuJzD1StsPr1RURilzIDqb2UqxgKzljR0n", "last_login": null, "is_superuser": false, "username": "SkillFA", "first_name": "", "last_name": "", "email": "", "is_staff": false, "is_active": true, "date_joined": "2023-02-09T13:23:31.916Z", "groups": [], "user_permissions": []}}, {"model": "auth.user", "pk": 5, "fields": {"password": "pbkdf2_sha256$390000$ahxC4z70HTbet9LlcjWDtq$P+LNJyVnS3eNexWPT+aeQtdIBDAT7M1SY4wEgkKe5Ow=", "last_login": "2023-03-17T13:00:36.564Z", "is_superuser": true, "username": "admin", "first_name": "", "last_name": "", "email": "a.newsportal@yandex.ru", "is_staff": true, "is_active": true, "date_joined": "2023-02-11T20:12:40Z", "groups": [1, 2], "user_permissions": []}}, {"model": "auth.user", "pk": 7, "fields": {"password": "pbkdf2_sha256$390000$ehjPhvWQOVPipP57orc0Qr$BlZwb3RlVA4nWW3SRoK4CsrSW3NFIuPncnceT7cpAdc=", "last_login": "2023-02-24T22:07:48.867Z", "is_superuser": false, "username": "Vasya89", "first_name": "Василий", "last_name": "Васин", "email": "mail89@mail.ru", "is_staff": false, "is_active": true, "date_joined": "2023-02-24T19:13:35Z", "groups": [1], "user_permissions": []}}, {"model": "auth.user", "pk": 8, "fields": {"password": "!z5eiwFRFptA412Vx2oGkcihHu7Gh8ZOS4ezVWRJZ", "last_login": "2023-03-16T19:45:49.139Z", "is_superuser": false, "username": "russiks89", "first_name": "Руслан", "last_name": "Морозов", "email": "russiks@yandex.ru", "is_staff": false, "is_active": true, "date_joined": "2023-02-24T19:56:48Z", "groups": [2], "user_permissions": []}}, {"model": "auth.user", "pk": 9, "fields": {"password": "pbkdf2_sha256$390000$PhthPXwKelpxFvjKCRN28f$9Qz/RzYEiuYwShX/1yaK8qq1Q3+s3vHfxykvhdbk8Bg=", "last_login": "2023-02-24T21:05:02.041Z", "is_superuser": false, "username": "victor77", "first_name": "", "last_name": "", "email": "victor77@mail.ru", "is_staff": false, "is_active": true, "date_joined": "2023-02-24T21:05:01.971Z", "groups": [1], "user_permissions": []}}, {"model": "auth.user", "pk": 11, "fields": {"password": "pbkdf2_sha256$390000$GVIZ8NplFzTtUANppx0MKe$FGRwTAudEDWtJcARuqUySACDHRleVv5cq0vw9/mQ6yo=", "last_login": "2023-03-03T12:55:53.875Z", "is_superuser": false, "username": "tskil4dmin89", "first_name": "", "last_name": "", "email": "tskil4dmin89@yandex.ru", "is_staff": false, "is_active": true, "date_joined": "2023-03-03T12:55:53.121Z", "groups": [1], "user_permissions": []}}, {"model": "auth.user", "pk": 17, "fields": {"password": "pbkdf2_sha256$390000$fzHKwEHUY4UBmrtbEn09t2$qd5QzCAGFMguCYz1rAEXNuq0me3OdWmoOLHfEKvTXsQ=", "last_login": "2023-03-03T14:18:53.531Z", "is_superuser": false, "username": "testskil", "first_name": "", "last_name": "", "email": "testskil@yandex.ru", "is_staff": false, "is_active": true, "date_joined": "2023-03-03T14:15:57.665Z", "groups": [1], "user_permissions": []}}, {"model": "contenttypes.contenttype", "pk": 1, "fields": {"app_label": "admin", "model": "logentry"}}, {"model": "contenttypes.contenttype", "pk": 2, "fields": {"app_label": "auth", "model": "permission"}}, {"model": "contenttypes.contenttype", "pk": 3, "fields": {"app_label": "auth", "model": "group"}}, {"model": "contenttypes.contenttype", "pk": 4, "fields": {"app_label": "auth", "model": "user"}}, {"model": "contenttypes.contenttype", "pk": 5, "fields": {"app_label": "contenttypes", "model": "contenttype"}}, {"model": "contenttypes.contenttype", "pk": 6, "fields": {"app_label": "sessions", "model": "session"}}, {"model": "contenttypes.contenttype", "pk": 7, "fields": {"app_label": "newsapp", "model": "postcategory"}}, {"model": "contenttypes.contenttype", "pk": 8, "fields": {"app_label": "newsapp", "model": "comment"}}, {"model": "contenttypes.contenttype", "pk": 9, "fields": {"app_label": "newsapp", "model": "category"}}, {"model": "contenttypes.contenttype", "pk": 10, "fields": {"app_label": "newsapp", "model": "post"}}, {"model": "contenttypes.contenttype", "pk": 11, "fields": {"app_label": "newsapp", "model": "author"}}, {"model": "contenttypes.contenttype", "pk": 12, "fields": {"app_label": "sites", "model": "site"}}, {"model": "contenttypes.contenttype", "pk": 13, "fields": {"app_label": "flatpages", "model": "flatpage"}}, {"model": "contenttypes.contenttype", "pk": 14, "fields": {"app_label": "account", "model": "emailaddress"}}, {"model": "contenttypes.contenttype", "pk": 15, "fields": {"app_label": "account", "model": "emailconfirmation"}}, {"model": "contenttypes.contenttype", "pk": 16, "fields": {"app_label": "socialaccount", "model": "socialaccount"}}, {"model": "contenttypes.contenttype", "pk": 17, "fields": {"app_label": "socialaccount", "model": "socialapp"}}, {"model": "contenttypes.contenttype", "pk": 18, "fields": {"app_label": "socialaccount", "model": "socialtoken"}}, {"model": "contenttypes.contenttype", "pk": 19, "fields": {"app_label": "django_apscheduler", "model": "djangojob"}}, {"model": "contenttypes.contenttype", "pk": 20, "fields": {"app_label": "django_apscheduler", "model": "djangojobexecution"}}, {"model": "contenttypes.contenttype", "pk": 21, "fields": {"app_label": "newsapp", "model": "subscription"}}, {"model": "sessions.session", "pk": "2wegsk5awrjzgyow9i0d2r4s1f7l7tug", "fields": {"session_data": ".eJxVjDsOwjAQBe_iGln-bVhT0ucMlr27JgGUSHFSIe4OkVJA-2bmvVTK2zqkrcmSRlYXBer0u5VMD5l2wPc83WZN87QuY9G7og_adD-zPK-H-3cw5DZ8a-Mq-QDG1EDRAvtijLDHTAQYrQ0o2GEHVc4YMiCzOCDwEjux4px6fwDStzeA:1pWGj3:MhROSG3nV_VNIbY8g8SAEQrAZzseupsrbGAYMSXV0Ag", "expire_date": "2023-03-12T13:06:01.438Z"}}, {"model": "sessions.session", "pk": "5h4ago5c2id8h0f1xp0nr58en6jl581o", "fields": {"session_data": ".eJxVjDsOwjAQBe_iGln-bVhT0ucMlr27JgGUSHFSIe4OkVJA-2bmvVTK2zqkrcmSRlYXBer0u5VMD5l2wPc83WZN87QuY9G7og_adD-zPK-H-3cw5DZ8a-Mq-QDG1EDRAvtijLDHTAQYrQ0o2GEHVc4YMiCzOCDwEjux4px6fwDStzeA:1pY9a7:mP2uApnfi00UKtXmrGI6VI41YUn5J5CQRRkC1508GPo", "expire_date": "2023-03-17T17:52:35.662Z"}}, {"model": "sessions.session", "pk": "5zptla50pmavpobzpda4d9qfgm28k87n", "fields": {"session_data": ".eJxVjDsOwjAQBe_iGln-bVhT0ucMlr27JgGUSHFSIe4OkVJA-2bmvVTK2zqkrcmSRlYXBer0u5VMD5l2wPc83WZN87QuY9G7og_adD-zPK-H-3cw5DZ8a-Mq-QDG1EDRAvtijLDHTAQYrQ0o2GEHVc4YMiCzOCDwEjux4px6fwDStzeA:1pY7HE:Yry2MD5CXy0U3oBYnqCg9v4hd8ZKjZB3LibqncyHOPU", "expire_date": "2023-03-17T15:24:56.939Z"}}, {"model": "sessions.session", "pk": "70jwbhlrlai2xrjsmdkgx12cyxpg62lg", "fields": {"session_data": ".eJxVjDsOwjAQBe_iGln-bVhT0ucMlr27JgGUSHFSIe4OkVJA-2bmvVTK2zqkrcmSRlYXBer0u5VMD5l2wPc83WZN87QuY9G7og_adD-zPK-H-3cw5DZ8a-Mq-QDG1EDRAvtijLDHTAQYrQ0o2GEHVc4YMiCzOCDwEjux4px6fwDStzeA:1pTK2D:GRPGhLZBlyvQtLhQycReIcb_n0-ZywdVEBhJKelqXd8", "expire_date": "2023-03-04T10:01:37.009Z"}}, {"model": "sessions.session", "pk": "97kaaal00fbss4ulo9wwf5h40xo5irl7", "fields": {"session_data": ".eJxVjDsOwjAQBe_iGln-bVhT0ucMlr27JgGUSHFSIe4OkVJA-2bmvVTK2zqkrcmSRlYXBer0u5VMD5l2wPc83WZN87QuY9G7og_adD-zPK-H-3cw5DZ8a-Mq-QDG1EDRAvtijLDHTAQYrQ0o2GEHVc4YMiCzOCDwEjux4px6fwDStzeA:1pQwWU:ujUBT30SKOPpQMWdAJggsh8mXwwKl4-4QT-jYmu-PrA", "expire_date": "2023-02-25T20:31:02.548Z"}}, {"model": "sessions.session", "pk": "cuxz9fcr7brqig2eag0gckg7mfr5vjyr", "fields": {"session_data": ".eJxVjDsOwjAQBe_iGln-bVhT0ucMlr27JgGUSHFSIe4OkVJA-2bmvVTK2zqkrcmSRlYXBer0u5VMD5l2wPc83WZN87QuY9G7og_adD-zPK-H-3cw5DZ8a-Mq-QDG1EDRAvtijLDHTAQYrQ0o2GEHVc4YMiCzOCDwEjux4px6fwDStzeA:1pY9PG:oKMwbWIBa3uG0nhHSPU1xd29zBnbCSPXN7lwdYgsBnk", "expire_date": "2023-03-17T17:41:22.413Z"}}, {"model": "sessions.session", "pk": "jjr5hpfl11vtbawg2fg48ywbltup92x0", "fields": {"session_data": ".eJxVjDsOwjAQBe_iGln-bVhT0ucMlr27JgGUSHFSIe4OkVJA-2bmvVTK2zqkrcmSRlYXBer0u5VMD5l2wPc83WZN87QuY9G7og_adD-zPK-H-3cw5DZ8a-Mq-QDG1EDRAvtijLDHTAQYrQ0o2GEHVc4YMiCzOCDwEjux4px6fwDStzeA:1pd9hE:im4XmPixJ9jRDR1TqWu4okF36xsYO0iTN3J86SO2lwU", "expire_date": "2023-03-31T13:00:36.566Z"}}, {"model": "sessions.session", "pk": "k1fxx0x7yv2ns2xelonqr264g6tk4qk3", "fields": {"session_data": ".eJxVjDsOwjAQBe_iGln-bVhT0ucMlr27JgGUSHFSIe4OkVJA-2bmvVTK2zqkrcmSRlYXBer0u5VMD5l2wPc83WZN87QuY9G7og_adD-zPK-H-3cw5DZ8a-Mq-QDG1EDRAvtijLDHTAQYrQ0o2GEHVc4YMiCzOCDwEjux4px6fwDStzeA:1pY52T:1zWM1AOGl9xvHs9coJILYgmjTEsJ0KJ8bHF-UkVN8n4", "expire_date": "2023-03-17T13:01:33.721Z"}}, {"model": "sessions.session", "pk": "kfb2ez5dwa7g52p249zaq0j8h6v2j1t5", "fields": {"session_data": ".eJxVjDsOwjAQBe_iGln-bVhT0ucMlr27JgGUSHFSIe4OkVJA-2bmvVTK2zqkrcmSRlYXBer0u5VMD5l2wPc83WZN87QuY9G7og_adD-zPK-H-3cw5DZ8a-Mq-QDG1EDRAvtijLDHTAQYrQ0o2GEHVc4YMiCzOCDwEjux4px6fwDStzeA:1pYPZX:eOBgmo0GFpUkhhMbVxT2g9KrZFDZSFNjX0HCEQkLzkY", "expire_date": "2023-03-18T10:57:03.874Z"}}, {"model": "sessions.session", "pk": "mjjiciqt46r3xw85ae7ogxgfj7l1zx54", "fields": {"session_data": ".eJxVjDsOwjAQBe_iGln-bVhT0ucMlr27JgGUSHFSIe4OkVJA-2bmvVTK2zqkrcmSRlYXBer0u5VMD5l2wPc83WZN87QuY9G7og_adD-zPK-H-3cw5DZ8a-Mq-QDG1EDRAvtijLDHTAQYrQ0o2GEHVc4YMiCzOCDwEjux4px6fwDStzeA:1pVdJZ:_kn1ki45HgqKXRS4YEz4Ku5qTtS48M-9eUzpPRHzXuA", "expire_date": "2023-03-10T19:01:05.290Z"}}, {"model": "sessions.session", "pk": "wttzum6k6ejd6pvozo9mw4mbtf9uhk04", "fields": {"session_data": ".eJxVjDsOwjAQBe_iGln-bVhT0ucMlr27JgGUSHFSIe4OkVJA-2bmvVTK2zqkrcmSRlYXBer0u5VMD5l2wPc83WZN87QuY9G7og_adD-zPK-H-3cw5DZ8a-Mq-QDG1EDRAvtijLDHTAQYrQ0o2GEHVc4YMiCzOCDwEjux4px6fwDStzeA:1pQyuI:uPjuPuWtkT6tLhr5tHXCPjR5e15hAK-uqjTVE5bnnpw", "expire_date": "2023-02-25T23:03:46.872Z"}}, {"model": "sessions.session", "pk": "x0cmb9kaql373ab2ml7kf4txsfy7vgke", "fields": {"session_data": ".eJxVjMsOwiAURP-FtWkob9zpj5DLBQKxoYnAyvjvUtOFLuecmXkRB6NnN1p8uhLIlRhy-WUe8BHrIWDbDrwA4j5qX76dU7flNlOsvSD0stf7ufq7ytDy_Enec-HlqoSynAqOTEQAyehMMlFFk0GjNAuBhajRJM0T2qBXIYVV0pL3B6gCO50:1pVgGX:QuJ2I9ugAdZkwD16U-TZ67OkjuSTL2HrIjs9RrdFkyQ", "expire_date": "2023-03-10T22:10:09.575Z"}}, {"model": "sessions.session", "pk": "y5ccde65qx27he8fnmg3aergeuatr9vo", "fields": {"session_data": ".eJxVjDsOwjAQBe_iGln-bVhT0ucMlr27JgGUSHFSIe4OkVJA-2bmvVTK2zqkrcmSRlYXBer0u5VMD5l2wPc83WZN87QuY9G7og_adD-zPK-H-3cw5DZ8a-Mq-QDG1EDRAvtijLDHTAQYrQ0o2GEHVc4YMiCzOCDwEjux4px6fwDStzeA:1pWIBP:02hpb5WLATxWvwRxd7w2h1YjDoZMB4iK2Mmg8kekXj0", "expire_date": "2023-03-12T14:39:23.324Z"}}, {"model": "sessions.session", "pk": "zy0fbwxjd253k088nigcv6mnp5viz97i", "fields": {"session_data": ".eJxVjDsOwjAQBe_iGln-bVhT0ucMlr27JgGUSHFSIe4OkVJA-2bmvVTK2zqkrcmSRlYXBer0u5VMD5l2wPc83WZN87QuY9G7og_adD-zPK-H-3cw5DZ8a-Mq-QDG1EDRAvtijLDHTAQYrQ0o2GEHVc4YMiCzOCDwEjux4px6fwDStzeA:1pSOnA:Ukh-FfW26k7EWAvIUb7gaQ4z7LcjBwtuEKk1V0Ebab0", "expire_date": "2023-03-01T20:54:16.067Z"}}, {"model": "sites.site", "pk": 1, "fields": {"domain": "127.0.0.1", "name": "example.com"}}, {"model": "flatpages.flatpage", "pk": 1, "fields": {"url": "/news/", "title": "News", "content": "Контент", "enable_comments": false, "template_name": "flatpages/news.html", "registration_required": false, "sites": [1]}}, {"model": "flatpages.flatpage", "pk": 2, "fields": {"url": "/about/", "title": "Welcome", "content": "<h1>Добро пожаловать на NewsPortal!</h1>\r\n<hr>\r\n<p style=\"text-align: right;\"><span style=\"text-decoration: underline;\"><em><strong><span style=\"color: #ff6600; text-decoration: underline;\">Портал находится в разработке!</span></strong></em></span></p><hr>\r\n<p align=\"left\">\r\n    <big><big>\r\n        Это новостной портал где вы можете просматривать статьи и новости из различных категорий.\r\n        Вы так-же можете стать автором и публиковать статьи и новости самостоятельно.\r\n        Кроме того, на любую понравившуюся категорию вы можете подписаться и получать уведомление,\r\n        когда появятся новые статьи на момент их публикации, а так-же еженедельную рассылку с новыми\r\n        публикациями.\r\n    </big></big>\r\n</p>", "enable_comments": false, "template_name": "about.html", "registration_required": false, "sites": [1]}}, {"model": "flatpages.flatpage", "pk": 3, "fields": {"url": "/error_create/", "title": "Error create", "content": "<p><span style=\"color: #ff6600;\"><em><strong>Создавать новые посты могут только зарегестрированные пользователи&nbsp;</strong></em></span></p>", "enable_comments": false, "template_name": "error_create.html", "registration_required": false, "sites": [1]}}, {"model": "newsapp.author", "pk": 1, "fields": {"autorUsers": 4, "ratingAuthor": 14}}, {"model": "newsapp.author", "pk": 2, "fields": {"autorUsers": 3, "ratingAuthor": 26}}, {"model": "newsapp.category", "pk": 1, "fields": {"name": "Django"}}, {"model": "newsapp.category", "pk": 2, "fields": {"name": "Python"}}, {"model": "newsapp.category", "pk": 3, "fields": {"name": "News IT"}}, {"model": "newsapp.category", "pk": 4, "fields": {"name": "About"}}, {"model": "newsapp.subscription", "pk": 33, "fields": {"user": 5, "category": 2}}, {"model": "newsapp.subscription", "pk": 42, "fields": {"user": 5, "category": 1}}, {"model": "newsapp.subscription", "pk": 43, "fields": {"user": 5, "category": 3}}, {"model": "newsapp.subscription", "pk": 44, "fields": {"user": 5, "category": 4}}, {"model": "newsapp.subscription", "pk": 45, "fields": {"user": 8, "category": 4}}, {"model": "newsapp.subscription", "pk": 46, "fields": {"user": 8, "category": 1}}, {"model": "newsapp.subscription", "pk": 47, "fields": {"user": 8, "category": 3}}, {"model": "newsapp.subscription", "pk": 48, "fields": {"user": 8, "category": 2}}, {"model": "newsapp.post", "pk": 1, "fields": {"categoryType": "NW", "author": 2, "dateCreation": "2023-02-09T14:01:00.393Z", "title": "Курьер помог белке проникнуть в дом!!!", "text": "Одна женщина рассказала душещипательную историю, что заметила возле своего дома белку, которая была явно не прочь проникнуть в жилище.\r\n\r\nИ подлый зверёк дождался-таки своего шанса, когда женщина со своей семьей заказало пиццу. Как только прибывшему курьеру открыли дверь, грызун, притаившийся на веранде, совершил умопомрачительный прыжок и оказался внутри, вызвав лёгкую панику у домовладельцев.\r\n\r\nЖенщина добавила, что после хаотичной погони белка была выброшена из дома прочь. Что же касается курьера, ставшего невольным пособником животного, то он просто удалился. В конце концов, свою работу по доставке пиццы он выполнил.", "rating": 2}}, {"model": "newsapp.post", "pk": 2, "fields": {"categoryType": "AR", "author": 2, "dateCreation": "2023-02-09T14:06:36.118Z", "title": "Firstarticle", "text": "SomeBigText", "rating": 5}}, {"model": "newsapp.post", "pk": 3, "fields": {"categoryType": "AR", "author": 1, "dateCreation": "2023-02-09T14:08:42.904Z", "title": "Newarticle", "text": "SomeBigText", "rating": 4}}, {"model": "newsapp.post", "pk": 4, "fields": {"categoryType": "NW", "author": 1, "dateCreation": "2023-02-09T15:02:50.673Z", "title": "Срочно! Матёрый волк", "text": "Матёрый волк украл пирожки у Красной Шапочки. \r\nБабушка сказала о нём, что \"он просто нехороший человек - редиска!\"", "rating": -5}}, {"model": "newsapp.post", "pk": 5, "fields": {"categoryType": "NW", "author": 1, "dateCreation": "2023-02-12T20:42:34.566Z", "title": "Привет", "text": "Как дела?", "rating": 0}}, {"model": "newsapp.post", "pk": 23, "fields": {"categoryType": "NW", "author": 2, "dateCreation": "2023-02-19T09:09:58.152Z", "title": "История про хитрого кота", "text": "Двойной агент, кот хитрец - именно так можно назвать нашего героя.\r\n\r\nКоты часто становятся героями смешных картинок или видео, причём они сами на это нарываются. Постоянно творят что-то смешное.\r\n\r\nТо открывают холодильник, то смешно бегают и всё сбивают на своём пути. А бывает ещё такое, что начинают воровать еду и так далее.", "rating": 0}}, {"model": "newsapp.post", "pk": 31, "fields": {"categoryType": "AR", "author": 2, "dateCreation": "2023-03-03T16:57:35.806Z", "title": "Test", "text": "Charge", "rating": 0}}, {"model": "newsapp.post", "pk": 32, "fields": {"categoryType": "NW", "author": 2, "dateCreation": "2023-03-03T18:14:20.035Z", "title": "Проба", "text": "Проба пера 12", "rating": 0}}, {"model": "newsapp.post", "pk": 98, "fields": {"categoryType": "AR", "author": 1, "dateCreation": "2023-03-22T16:57:16.519Z", "title": "Проба", "text": "ПробаПробаПробаПробаПробаПробаПробаПробаПроба", "rating": 0}}, {"model": "newsapp.postcategory", "pk": 1, "fields": {"postThrough": 1, "categoryThrough": 1}}, {"model": "newsapp.postcategory", "pk": 2, "fields": {"postThrough": 2, "categoryThrough": 2}}, {"model": "newsapp.postcategory", "pk": 3, "fields": {"postThrough": 3, "categoryThrough": 3}}, {"model": "newsapp.postcategory", "pk": 4, "fields": {"postThrough": 3, "categoryThrough": 4}}, {"model": "newsapp.postcategory", "pk": 5, "fields": {"postThrough": 4, "categoryThrough": 3}}, {"model": "newsapp.postcategory", "pk": 6, "fields": {"postThrough": 32, "categoryThrough": 2}}, {"model": "newsapp.postcategory", "pk": 35, "fields": {"postThrough": 98, "categoryThrough": 3}}, {"model": "newsapp.comment", "pk": 1, "fields": {"commentPost": 1, "commentUser": 1, "text": "Some Comment 1", "dateCreation": "2023-02-09T15:39:27.821Z", "rating": 4}}, {"model": "newsapp.comment", "pk": 2, "fields": {"commentPost": 2, "commentUser": 3, "text": "Some Comment 1", "dateCreation": "2023-02-09T15:44:23.047Z", "rating": 10}}, {"model": "newsapp.comment", "pk": 3, "fields": {"commentPost": 2, "commentUser": 3, "text": "Comment from Russiks", "dateCreation": "2023-02-09T16:30:00.444Z", "rating": -6}}, {"model": "newsapp.comment", "pk": 4, "fields": {"commentPost": 3, "commentUser": 4, "text": "Comment from SkillFA", "dateCreation": "2023-02-09T16:32:08.060Z", "rating": 14}}, {"model": "newsapp.comment", "pk": 5, "fields": {"commentPost": 4, "commentUser": 2, "text": "Comment from Liter", "dateCreation": "2023-02-09T16:33:31.273Z", "rating": 6}}, {"model": "newsapp.comment", "pk": 6, "fields": {"commentPost": 4, "commentUser": 3, "text": "Comment from Author", "dateCreation": "2023-02-09T16:40:06.641Z", "rating": 1}}, {"model": "newsapp.comment", "pk": 7, "fields": {"commentPost": 1, "commentUser": 4, "text": "Comment from Author2", "dateCreation": "2023-02-09T16:43:00.824Z", "rating": 3}}, {"model": "account.emailaddress", "pk": 1, "fields": {"user": 8, "email": "russiks@yandex.ru", "verified": true, "primary": true}}, {"model": "account.emailaddress", "pk": 2, "fields": {"user": 9, "email": "victor77@mail.ru", "verified": false, "primary": true}}, {"model": "account.emailaddress", "pk": 4, "fields": {"user": 11, "email": "tskil4dmin89@yandex.ru", "verified": false, "primary": true}}, {"model": "account.emailaddress", "pk": 10, "fields": {"user": 17, "email": "testskil@yandex.ru", "verified": true, "primary": true}}, {"model": "socialaccount.socialapp", "pk": 1, "fields": {"provider": "yandex", "name": "YandexAccounts", "client_id": "616e8dd9ccb84065ac418cfcece7c995", "secret": "9290e76963a74afd8d82e1d2852db51e", "key": "", "sites": [1]}}, {"model": "socialaccount.socialaccount", "pk": 1, "fields": {"user": 8, "provider": "yandex", "uid": "59710667", "last_login": "2023-03-16T19:45:49.128Z", "date_joined": "2023-02-24T19:56:48.483Z", "extra_data": "{\"id\": \"59710667\", \"login\": \"russiks\", \"client_id\": \"616e8dd9ccb84065ac418cfcece7c995\", \"display_name\": \"russiks\", \"real_name\": \"\\u0420\\u0443\\u0441\\u043b\\u0430\\u043d \\u041c\\u043e\\u0440\\u043e\\u0437\\u043e\\u0432\", \"first_name\": \"\\u0420\\u0443\\u0441\\u043b\\u0430\\u043d\", \"last_name\": \"\\u041c\\u043e\\u0440\\u043e\\u0437\\u043e\\u0432\", \"sex\": \"male\", \"default_email\": \"russiks@yandex.ru\", \"emails\": [\"russiks@yandex.ru\"], \"psuid\": \"1.AAkvcw.BD0UGKv_1m5EJ9cps6SqDg.kLB2xgGMZBjnldcqGSFBbA\"}"}}, {"model": "django_apscheduler.djangojob", "pk": "delete_old_job_executions", "fields": {"next_run_time": "2023-03-06T00:00:00Z", "job_state": "gAWVagQAAAAAAAB9lCiMB3ZlcnNpb26USwGMAmlklIwZZGVsZXRlX29sZF9qb2JfZXhlY3V0aW9uc5SMBGZ1bmOUjERuZXdzYXBwLm1hbmFnZW1lbnQuY29tbWFuZHMucnVuYXBzY2hlZHVsZXI6ZGVsZXRlX29sZF9qb2JfZXhlY3V0aW9uc5SMB3RyaWdnZXKUjBlhcHNjaGVkdWxlci50cmlnZ2Vycy5jcm9ulIwLQ3JvblRyaWdnZXKUk5QpgZR9lChoAUsCjAh0aW1lem9uZZSMG3B5dHpfZGVwcmVjYXRpb25fc2hpbS5faW1wbJSMCXdyYXBfem9uZZSTlIwIZGF0ZXRpbWWUjAh0aW1lem9uZZSTlGgQjAl0aW1lZGVsdGGUk5RLAEsASwCHlFKUhZRSlIwDVVRDlIaUUpSMCnN0YXJ0X2RhdGWUTowIZW5kX2RhdGWUTowGZmllbGRzlF2UKIwgYXBzY2hlZHVsZXIudHJpZ2dlcnMuY3Jvbi5maWVsZHOUjAlCYXNlRmllbGSUk5QpgZR9lCiMBG5hbWWUjAR5ZWFylIwKaXNfZGVmYXVsdJSIjAtleHByZXNzaW9uc5RdlIwlYXBzY2hlZHVsZXIudHJpZ2dlcnMuY3Jvbi5leHByZXNzaW9uc5SMDUFsbEV4cHJlc3Npb26Uk5QpgZR9lIwEc3RlcJROc2JhdWJoIIwKTW9udGhGaWVsZJSTlCmBlH2UKGgljAVtb250aJRoJ4hoKF2UaCwpgZR9lGgvTnNiYXViaCCMD0RheU9mTW9udGhGaWVsZJSTlCmBlH2UKGgljANkYXmUaCeIaChdlGgsKYGUfZRoL05zYmF1YmggjAlXZWVrRmllbGSUk5QpgZR9lChoJYwEd2Vla5RoJ4hoKF2UaCwpgZR9lGgvTnNiYXViaCCMDkRheU9mV2Vla0ZpZWxklJOUKYGUfZQoaCWMC2RheV9vZl93ZWVrlGgniWgoXZRoKowWV2Vla2RheVJhbmdlRXhwcmVzc2lvbpSTlCmBlH2UKGgvTowFZmlyc3SUSwCMBGxhc3SUSwB1YmF1YmgiKYGUfZQoaCWMBGhvdXKUaCeJaChdlGgqjA9SYW5nZUV4cHJlc3Npb26Uk5QpgZR9lChoL05oUksAaFNLAHViYXViaCIpgZR9lChoJYwGbWludXRllGgniWgoXZRoWSmBlH2UKGgvTmhSSwBoU0sAdWJhdWJoIimBlH2UKGgljAZzZWNvbmSUaCeIaChdlGhZKYGUfZQoaC9OaFJLAGhTSwB1YmF1YmWMBmppdHRlcpROdWKMCGV4ZWN1dG9ylIwHZGVmYXVsdJSMBGFyZ3OUKYwGa3dhcmdzlH2UaCVoA4wSbWlzZmlyZV9ncmFjZV90aW1llEsBjAhjb2FsZXNjZZSIjA1tYXhfaW5zdGFuY2VzlEsBjA1uZXh0X3J1bl90aW1llGgQjAhkYXRldGltZZSTlEMKB+cDBgAAAAAAAJRoG4aUUpR1Lg=="}}, {"model": "django_apscheduler.djangojob", "pk": "my_job", "fields": {"next_run_time": "2023-03-05T00:52:00Z", "job_state": "gAWVRAQAAAAAAAB9lCiMB3ZlcnNpb26USwGMAmlklIwGbXlfam9ilIwEZnVuY5SMMW5ld3NhcHAubWFuYWdlbWVudC5jb21tYW5kcy5ydW5hcHNjaGVkdWxlcjpteV9qb2KUjAd0cmlnZ2VylIwZYXBzY2hlZHVsZXIudHJpZ2dlcnMuY3JvbpSMC0Nyb25UcmlnZ2VylJOUKYGUfZQoaAFLAowIdGltZXpvbmWUjBtweXR6X2RlcHJlY2F0aW9uX3NoaW0uX2ltcGyUjAl3cmFwX3pvbmWUk5SMCGRhdGV0aW1llIwIdGltZXpvbmWUk5RoEIwJdGltZWRlbHRhlJOUSwBLAEsAh5RSlIWUUpSMA1VUQ5SGlFKUjApzdGFydF9kYXRllE6MCGVuZF9kYXRllE6MBmZpZWxkc5RdlCiMIGFwc2NoZWR1bGVyLnRyaWdnZXJzLmNyb24uZmllbGRzlIwJQmFzZUZpZWxklJOUKYGUfZQojARuYW1llIwEeWVhcpSMCmlzX2RlZmF1bHSUiIwLZXhwcmVzc2lvbnOUXZSMJWFwc2NoZWR1bGVyLnRyaWdnZXJzLmNyb24uZXhwcmVzc2lvbnOUjA1BbGxFeHByZXNzaW9ulJOUKYGUfZSMBHN0ZXCUTnNiYXViaCCMCk1vbnRoRmllbGSUk5QpgZR9lChoJYwFbW9udGiUaCeIaChdlGgsKYGUfZRoL05zYmF1YmggjA9EYXlPZk1vbnRoRmllbGSUk5QpgZR9lChoJYwDZGF5lGgniGgoXZRoLCmBlH2UaC9Oc2JhdWJoIIwJV2Vla0ZpZWxklJOUKYGUfZQoaCWMBHdlZWuUaCeIaChdlGgsKYGUfZRoL05zYmF1YmggjA5EYXlPZldlZWtGaWVsZJSTlCmBlH2UKGgljAtkYXlfb2Zfd2Vla5RoJ4loKF2UaCqMFldlZWtkYXlSYW5nZUV4cHJlc3Npb26Uk5QpgZR9lChoL06MBWZpcnN0lEsGjARsYXN0lEsGdWJhdWJoIimBlH2UKGgljARob3VylGgniWgoXZRoKowPUmFuZ2VFeHByZXNzaW9ulJOUKYGUfZQoaC9OaFJLAGhTSwB1YmF1YmgiKYGUfZQoaCWMBm1pbnV0ZZRoJ4loKF2UaFkpgZR9lChoL05oUks0aFNLNHViYXViaCIpgZR9lChoJYwGc2Vjb25klGgniGgoXZRoWSmBlH2UKGgvTmhSSwBoU0sAdWJhdWJljAZqaXR0ZXKUTnVijAhleGVjdXRvcpSMB2RlZmF1bHSUjARhcmdzlCmMBmt3YXJnc5R9lGglaAOMEm1pc2ZpcmVfZ3JhY2VfdGltZZRLAYwIY29hbGVzY2WUiIwNbWF4X2luc3RhbmNlc5RLAYwNbmV4dF9ydW5fdGltZZRoEIwIZGF0ZXRpbWWUk5RDCgfnAwUANAAAAACUaBuGlFKUdS4="}}, {"model": "django_apscheduler.djangojobexecution", "pk": 1, "fields": {"job": "my_job", "status": "Error!", "run_time": "2023-03-04T21:21:30Z", "duration": "0.02", "finished": "1677964890.02", "exception": "Cannot resolve keyword 'dateCrearion' into field. Choices are: author, author_id, categoryType, comment, dateCreation, id, postCategory, postcategory, rating, text, title", "traceback": "  File \"/Users/russiks/Library/Mobile Documents/com~apple~CloudDocs/SkillFactory/PycharmProjects/NewProject/News_Portal_1.1/venv/lib/python3.11/site-packages/apscheduler/executors/base.py\", line 125, in run_job\n    retval = job.func(*job.args, **job.kwargs)\n             ^^^^^^^^^^^^^^^^^^^^^^^^^^^^^^^^^\n  File \"/Users/russiks/Library/Mobile Documents/com~apple~CloudDocs/SkillFactory/PycharmProjects/NewProject/My_Projects/News_Portal_From_Django_D6/News_Portal1.2/NewsPortal/newsapp/management/commands/runapscheduler.py\", line 22, in my_job\n    posts = Post.objects.filter(dateCrearion__gte=last_week)  # Фильтруем категории по дате создания (gte - больше\n            ^^^^^^^^^^^^^^^^^^^^^^^^^^^^^^^^^^^^^^^^^^^^^^^^\n  File \"/Users/russiks/Library/Mobile Documents/com~apple~CloudDocs/SkillFactory/PycharmProjects/NewProject/News_Portal_1.1/venv/lib/python3.11/site-packages/django/db/models/manager.py\", line 85, in manager_method\n    return getattr(self.get_queryset(), name)(*args, **kwargs)\n           ^^^^^^^^^^^^^^^^^^^^^^^^^^^^^^^^^^^^^^^^^^^^^^^^^^^\n  File \"/Users/russiks/Library/Mobile Documents/com~apple~CloudDocs/SkillFactory/PycharmProjects/NewProject/News_Portal_1.1/venv/lib/python3.11/site-packages/django/db/models/query.py\", line 1421, in filter\n    return self._filter_or_exclude(False, args, kwargs)\n           ^^^^^^^^^^^^^^^^^^^^^^^^^^^^^^^^^^^^^^^^^^^^\n  File \"/Users/russiks/Library/Mobile Documents/com~apple~CloudDocs/SkillFactory/PycharmProjects/NewProject/News_Portal_1.1/venv/lib/python3.11/site-packages/django/db/models/query.py\", line 1439, in _filter_or_exclude\n    clone._filter_or_exclude_inplace(negate, args, kwargs)\n  File \"/Users/russiks/Library/Mobile Documents/com~apple~CloudDocs/SkillFactory/PycharmProjects/NewProject/News_Portal_1.1/venv/lib/python3.11/site-packages/django/db/models/query.py\", line 1446, in _filter_or_exclude_inplace\n    self._query.add_q(Q(*args, **kwargs))\n  File \"/Users/russiks/Library/Mobile Documents/com~apple~CloudDocs/SkillFactory/PycharmProjects/NewProject/News_Portal_1.1/venv/lib/python3.11/site-packages/django/db/models/sql/query.py\", line 1532, in add_q\n    clause, _ = self._add_q(q_object, self.used_aliases)\n                ^^^^^^^^^^^^^^^^^^^^^^^^^^^^^^^^^^^^^^^^\n  File \"/Users/russiks/Library/Mobile Documents/com~apple~CloudDocs/SkillFactory/PycharmProjects/NewProject/News_Portal_1.1/venv/lib/python3.11/site-packages/django/db/models/sql/query.py\", line 1562, in _add_q\n    child_clause, needed_inner = self.build_filter(\n                                 ^^^^^^^^^^^^^^^^^^\n  File \"/Users/russiks/Library/Mobile Documents/com~apple~CloudDocs/SkillFactory/PycharmProjects/NewProject/News_Portal_1.1/venv/lib/python3.11/site-packages/django/db/models/sql/query.py\", line 1407, in build_filter\n    lookups, parts, reffed_expression = self.solve_lookup_type(arg)\n                                        ^^^^^^^^^^^^^^^^^^^^^^^^^^^\n  File \"/Users/russiks/Library/Mobile Documents/com~apple~CloudDocs/SkillFactory/PycharmProjects/NewProject/News_Portal_1.1/venv/lib/python3.11/site-packages/django/db/models/sql/query.py\", line 1217, in solve_lookup_type\n    _, field, _, lookup_parts = self.names_to_path(lookup_splitted, self.get_meta())\n                                ^^^^^^^^^^^^^^^^^^^^^^^^^^^^^^^^^^^^^^^^^^^^^^^^^^^^\n  File \"/Users/russiks/Library/Mobile Documents/com~apple~CloudDocs/SkillFactory/PycharmProjects/NewProject/News_Portal_1.1/venv/lib/python3.11/site-packages/django/db/models/sql/query.py\", line 1709, in names_to_path\n    raise FieldError(\n"}}, {"model": "django_apscheduler.djangojobexecution", "pk": 2, "fields": {"job": "my_job", "status": "Error!", "run_time": "2023-03-04T21:21:40Z", "duration": "0.03", "finished": "1677964900.03", "exception": "Cannot resolve keyword 'dateCrearion' into field. Choices are: author, author_id, categoryType, comment, dateCreation, id, postCategory, postcategory, rating, text, title", "traceback": "  File \"/Users/russiks/Library/Mobile Documents/com~apple~CloudDocs/SkillFactory/PycharmProjects/NewProject/News_Portal_1.1/venv/lib/python3.11/site-packages/apscheduler/executors/base.py\", line 125, in run_job\n    retval = job.func(*job.args, **job.kwargs)\n             ^^^^^^^^^^^^^^^^^^^^^^^^^^^^^^^^^\n  File \"/Users/russiks/Library/Mobile Documents/com~apple~CloudDocs/SkillFactory/PycharmProjects/NewProject/My_Projects/News_Portal_From_Django_D6/News_Portal1.2/NewsPortal/newsapp/management/commands/runapscheduler.py\", line 22, in my_job\n    posts = Post.objects.filter(dateCrearion__gte=last_week)  # Фильтруем категории по дате создания (gte - больше\n            ^^^^^^^^^^^^^^^^^^^^^^^^^^^^^^^^^^^^^^^^^^^^^^^^\n  File \"/Users/russiks/Library/Mobile Documents/com~apple~CloudDocs/SkillFactory/PycharmProjects/NewProject/News_Portal_1.1/venv/lib/python3.11/site-packages/django/db/models/manager.py\", line 85, in manager_method\n    return getattr(self.get_queryset(), name)(*args, **kwargs)\n           ^^^^^^^^^^^^^^^^^^^^^^^^^^^^^^^^^^^^^^^^^^^^^^^^^^^\n  File \"/Users/russiks/Library/Mobile Documents/com~apple~CloudDocs/SkillFactory/PycharmProjects/NewProject/News_Portal_1.1/venv/lib/python3.11/site-packages/django/db/models/query.py\", line 1421, in filter\n    return self._filter_or_exclude(False, args, kwargs)\n           ^^^^^^^^^^^^^^^^^^^^^^^^^^^^^^^^^^^^^^^^^^^^\n  File \"/Users/russiks/Library/Mobile Documents/com~apple~CloudDocs/SkillFactory/PycharmProjects/NewProject/News_Portal_1.1/venv/lib/python3.11/site-packages/django/db/models/query.py\", line 1439, in _filter_or_exclude\n    clone._filter_or_exclude_inplace(negate, args, kwargs)\n  File \"/Users/russiks/Library/Mobile Documents/com~apple~CloudDocs/SkillFactory/PycharmProjects/NewProject/News_Portal_1.1/venv/lib/python3.11/site-packages/django/db/models/query.py\", line 1446, in _filter_or_exclude_inplace\n    self._query.add_q(Q(*args, **kwargs))\n  File \"/Users/russiks/Library/Mobile Documents/com~apple~CloudDocs/SkillFactory/PycharmProjects/NewProject/News_Portal_1.1/venv/lib/python3.11/site-packages/django/db/models/sql/query.py\", line 1532, in add_q\n    clause, _ = self._add_q(q_object, self.used_aliases)\n                ^^^^^^^^^^^^^^^^^^^^^^^^^^^^^^^^^^^^^^^^\n  File \"/Users/russiks/Library/Mobile Documents/com~apple~CloudDocs/SkillFactory/PycharmProjects/NewProject/News_Portal_1.1/venv/lib/python3.11/site-packages/django/db/models/sql/query.py\", line 1562, in _add_q\n    child_clause, needed_inner = self.build_filter(\n                                 ^^^^^^^^^^^^^^^^^^\n  File \"/Users/russiks/Library/Mobile Documents/com~apple~CloudDocs/SkillFactory/PycharmProjects/NewProject/News_Portal_1.1/venv/lib/python3.11/site-packages/django/db/models/sql/query.py\", line 1407, in build_filter\n    lookups, parts, reffed_expression = self.solve_lookup_type(arg)\n                                        ^^^^^^^^^^^^^^^^^^^^^^^^^^^\n  File \"/Users/russiks/Library/Mobile Documents/com~apple~CloudDocs/SkillFactory/PycharmProjects/NewProject/News_Portal_1.1/venv/lib/python3.11/site-packages/django/db/models/sql/query.py\", line 1217, in solve_lookup_type\n    _, field, _, lookup_parts = self.names_to_path(lookup_splitted, self.get_meta())\n                                ^^^^^^^^^^^^^^^^^^^^^^^^^^^^^^^^^^^^^^^^^^^^^^^^^^^^\n  File \"/Users/russiks/Library/Mobile Documents/com~apple~CloudDocs/SkillFactory/PycharmProjects/NewProject/News_Portal_1.1/venv/lib/python3.11/site-packages/django/db/models/sql/query.py\", line 1709, in names_to_path\n    raise FieldError(\n"}}, {"model": "django_apscheduler.djangojobexecution", "pk": 3, "fields": {"job": "my_job", "status": "Error!", "run_time": "2023-03-04T21:21:50Z", "duration": "0.03", "finished": "1677964910.03", "exception": "Cannot resolve keyword 'dateCrearion' into field. Choices are: author, author_id, categoryType, comment, dateCreation, id, postCategory, postcategory, rating, text, title", "traceback": "  File \"/Users/russiks/Library/Mobile Documents/com~apple~CloudDocs/SkillFactory/PycharmProjects/NewProject/News_Portal_1.1/venv/lib/python3.11/site-packages/apscheduler/executors/base.py\", line 125, in run_job\n    retval = job.func(*job.args, **job.kwargs)\n             ^^^^^^^^^^^^^^^^^^^^^^^^^^^^^^^^^\n  File \"/Users/russiks/Library/Mobile Documents/com~apple~CloudDocs/SkillFactory/PycharmProjects/NewProject/My_Projects/News_Portal_From_Django_D6/News_Portal1.2/NewsPortal/newsapp/management/commands/runapscheduler.py\", line 22, in my_job\n    posts = Post.objects.filter(dateCrearion__gte=last_week)  # Фильтруем категории по дате создания (gte - больше\n            ^^^^^^^^^^^^^^^^^^^^^^^^^^^^^^^^^^^^^^^^^^^^^^^^\n  File \"/Users/russiks/Library/Mobile Documents/com~apple~CloudDocs/SkillFactory/PycharmProjects/NewProject/News_Portal_1.1/venv/lib/python3.11/site-packages/django/db/models/manager.py\", line 85, in manager_method\n    return getattr(self.get_queryset(), name)(*args, **kwargs)\n           ^^^^^^^^^^^^^^^^^^^^^^^^^^^^^^^^^^^^^^^^^^^^^^^^^^^\n  File \"/Users/russiks/Library/Mobile Documents/com~apple~CloudDocs/SkillFactory/PycharmProjects/NewProject/News_Portal_1.1/venv/lib/python3.11/site-packages/django/db/models/query.py\", line 1421, in filter\n    return self._filter_or_exclude(False, args, kwargs)\n           ^^^^^^^^^^^^^^^^^^^^^^^^^^^^^^^^^^^^^^^^^^^^\n  File \"/Users/russiks/Library/Mobile Documents/com~apple~CloudDocs/SkillFactory/PycharmProjects/NewProject/News_Portal_1.1/venv/lib/python3.11/site-packages/django/db/models/query.py\", line 1439, in _filter_or_exclude\n    clone._filter_or_exclude_inplace(negate, args, kwargs)\n  File \"/Users/russiks/Library/Mobile Documents/com~apple~CloudDocs/SkillFactory/PycharmProjects/NewProject/News_Portal_1.1/venv/lib/python3.11/site-packages/django/db/models/query.py\", line 1446, in _filter_or_exclude_inplace\n    self._query.add_q(Q(*args, **kwargs))\n  File \"/Users/russiks/Library/Mobile Documents/com~apple~CloudDocs/SkillFactory/PycharmProjects/NewProject/News_Portal_1.1/venv/lib/python3.11/site-packages/django/db/models/sql/query.py\", line 1532, in add_q\n    clause, _ = self._add_q(q_object, self.used_aliases)\n                ^^^^^^^^^^^^^^^^^^^^^^^^^^^^^^^^^^^^^^^^\n  File \"/Users/russiks/Library/Mobile Documents/com~apple~CloudDocs/SkillFactory/PycharmProjects/NewProject/News_Portal_1.1/venv/lib/python3.11/site-packages/django/db/models/sql/query.py\", line 1562, in _add_q\n    child_clause, needed_inner = self.build_filter(\n                                 ^^^^^^^^^^^^^^^^^^\n  File \"/Users/russiks/Library/Mobile Documents/com~apple~CloudDocs/SkillFactory/PycharmProjects/NewProject/News_Portal_1.1/venv/lib/python3.11/site-packages/django/db/models/sql/query.py\", line 1407, in build_filter\n    lookups, parts, reffed_expression = self.solve_lookup_type(arg)\n                                        ^^^^^^^^^^^^^^^^^^^^^^^^^^^\n  File \"/Users/russiks/Library/Mobile Documents/com~apple~CloudDocs/SkillFactory/PycharmProjects/NewProject/News_Portal_1.1/venv/lib/python3.11/site-packages/django/db/models/sql/query.py\", line 1217, in solve_lookup_type\n    _, field, _, lookup_parts = self.names_to_path(lookup_splitted, self.get_meta())\n                                ^^^^^^^^^^^^^^^^^^^^^^^^^^^^^^^^^^^^^^^^^^^^^^^^^^^^\n  File \"/Users/russiks/Library/Mobile Documents/com~apple~CloudDocs/SkillFactory/PycharmProjects/NewProject/News_Portal_1.1/venv/lib/python3.11/site-packages/django/db/models/sql/query.py\", line 1709, in names_to_path\n    raise FieldError(\n"}}, {"model": "django_apscheduler.djangojobexecution", "pk": 4, "fields": {"job": "my_job", "status": "Error!", "run_time": "2023-03-04T21:22:00Z", "duration": "0.03", "finished": "1677964920.03", "exception": "Cannot resolve keyword 'dateCrearion' into field. Choices are: author, author_id, categoryType, comment, dateCreation, id, postCategory, postcategory, rating, text, title", "traceback": "  File \"/Users/russiks/Library/Mobile Documents/com~apple~CloudDocs/SkillFactory/PycharmProjects/NewProject/News_Portal_1.1/venv/lib/python3.11/site-packages/apscheduler/executors/base.py\", line 125, in run_job\n    retval = job.func(*job.args, **job.kwargs)\n             ^^^^^^^^^^^^^^^^^^^^^^^^^^^^^^^^^\n  File \"/Users/russiks/Library/Mobile Documents/com~apple~CloudDocs/SkillFactory/PycharmProjects/NewProject/My_Projects/News_Portal_From_Django_D6/News_Portal1.2/NewsPortal/newsapp/management/commands/runapscheduler.py\", line 22, in my_job\n    posts = Post.objects.filter(dateCrearion__gte=last_week)  # Фильтруем категории по дате создания (gte - больше\n            ^^^^^^^^^^^^^^^^^^^^^^^^^^^^^^^^^^^^^^^^^^^^^^^^\n  File \"/Users/russiks/Library/Mobile Documents/com~apple~CloudDocs/SkillFactory/PycharmProjects/NewProject/News_Portal_1.1/venv/lib/python3.11/site-packages/django/db/models/manager.py\", line 85, in manager_method\n    return getattr(self.get_queryset(), name)(*args, **kwargs)\n           ^^^^^^^^^^^^^^^^^^^^^^^^^^^^^^^^^^^^^^^^^^^^^^^^^^^\n  File \"/Users/russiks/Library/Mobile Documents/com~apple~CloudDocs/SkillFactory/PycharmProjects/NewProject/News_Portal_1.1/venv/lib/python3.11/site-packages/django/db/models/query.py\", line 1421, in filter\n    return self._filter_or_exclude(False, args, kwargs)\n           ^^^^^^^^^^^^^^^^^^^^^^^^^^^^^^^^^^^^^^^^^^^^\n  File \"/Users/russiks/Library/Mobile Documents/com~apple~CloudDocs/SkillFactory/PycharmProjects/NewProject/News_Portal_1.1/venv/lib/python3.11/site-packages/django/db/models/query.py\", line 1439, in _filter_or_exclude\n    clone._filter_or_exclude_inplace(negate, args, kwargs)\n  File \"/Users/russiks/Library/Mobile Documents/com~apple~CloudDocs/SkillFactory/PycharmProjects/NewProject/News_Portal_1.1/venv/lib/python3.11/site-packages/django/db/models/query.py\", line 1446, in _filter_or_exclude_inplace\n    self._query.add_q(Q(*args, **kwargs))\n  File \"/Users/russiks/Library/Mobile Documents/com~apple~CloudDocs/SkillFactory/PycharmProjects/NewProject/News_Portal_1.1/venv/lib/python3.11/site-packages/django/db/models/sql/query.py\", line 1532, in add_q\n    clause, _ = self._add_q(q_object, self.used_aliases)\n                ^^^^^^^^^^^^^^^^^^^^^^^^^^^^^^^^^^^^^^^^\n  File \"/Users/russiks/Library/Mobile Documents/com~apple~CloudDocs/SkillFactory/PycharmProjects/NewProject/News_Portal_1.1/venv/lib/python3.11/site-packages/django/db/models/sql/query.py\", line 1562, in _add_q\n    child_clause, needed_inner = self.build_filter(\n                                 ^^^^^^^^^^^^^^^^^^\n  File \"/Users/russiks/Library/Mobile Documents/com~apple~CloudDocs/SkillFactory/PycharmProjects/NewProject/News_Portal_1.1/venv/lib/python3.11/site-packages/django/db/models/sql/query.py\", line 1407, in build_filter\n    lookups, parts, reffed_expression = self.solve_lookup_type(arg)\n                                        ^^^^^^^^^^^^^^^^^^^^^^^^^^^\n  File \"/Users/russiks/Library/Mobile Documents/com~apple~CloudDocs/SkillFactory/PycharmProjects/NewProject/News_Portal_1.1/venv/lib/python3.11/site-packages/django/db/models/sql/query.py\", line 1217, in solve_lookup_type\n    _, field, _, lookup_parts = self.names_to_path(lookup_splitted, self.get_meta())\n                                ^^^^^^^^^^^^^^^^^^^^^^^^^^^^^^^^^^^^^^^^^^^^^^^^^^^^\n  File \"/Users/russiks/Library/Mobile Documents/com~apple~CloudDocs/SkillFactory/PycharmProjects/NewProject/News_Portal_1.1/venv/lib/python3.11/site-packages/django/db/models/sql/query.py\", line 1709, in names_to_path\n    raise FieldError(\n"}}, {"model": "django_apscheduler.djangojobexecution", "pk": 5, "fields": {"job": "my_job", "status": "Error!", "run_time": "2023-03-04T21:22:10Z", "duration": "0.02", "finished": "1677964930.02", "exception": "Cannot resolve keyword 'dateCrearion' into field. Choices are: author, author_id, categoryType, comment, dateCreation, id, postCategory, postcategory, rating, text, title", "traceback": "  File \"/Users/russiks/Library/Mobile Documents/com~apple~CloudDocs/SkillFactory/PycharmProjects/NewProject/News_Portal_1.1/venv/lib/python3.11/site-packages/apscheduler/executors/base.py\", line 125, in run_job\n    retval = job.func(*job.args, **job.kwargs)\n             ^^^^^^^^^^^^^^^^^^^^^^^^^^^^^^^^^\n  File \"/Users/russiks/Library/Mobile Documents/com~apple~CloudDocs/SkillFactory/PycharmProjects/NewProject/My_Projects/News_Portal_From_Django_D6/News_Portal1.2/NewsPortal/newsapp/management/commands/runapscheduler.py\", line 22, in my_job\n    posts = Post.objects.filter(dateCrearion__gte=last_week)  # Фильтруем категории по дате создания (gte - больше\n            ^^^^^^^^^^^^^^^^^^^^^^^^^^^^^^^^^^^^^^^^^^^^^^^^\n  File \"/Users/russiks/Library/Mobile Documents/com~apple~CloudDocs/SkillFactory/PycharmProjects/NewProject/News_Portal_1.1/venv/lib/python3.11/site-packages/django/db/models/manager.py\", line 85, in manager_method\n    return getattr(self.get_queryset(), name)(*args, **kwargs)\n           ^^^^^^^^^^^^^^^^^^^^^^^^^^^^^^^^^^^^^^^^^^^^^^^^^^^\n  File \"/Users/russiks/Library/Mobile Documents/com~apple~CloudDocs/SkillFactory/PycharmProjects/NewProject/News_Portal_1.1/venv/lib/python3.11/site-packages/django/db/models/query.py\", line 1421, in filter\n    return self._filter_or_exclude(False, args, kwargs)\n           ^^^^^^^^^^^^^^^^^^^^^^^^^^^^^^^^^^^^^^^^^^^^\n  File \"/Users/russiks/Library/Mobile Documents/com~apple~CloudDocs/SkillFactory/PycharmProjects/NewProject/News_Portal_1.1/venv/lib/python3.11/site-packages/django/db/models/query.py\", line 1439, in _filter_or_exclude\n    clone._filter_or_exclude_inplace(negate, args, kwargs)\n  File \"/Users/russiks/Library/Mobile Documents/com~apple~CloudDocs/SkillFactory/PycharmProjects/NewProject/News_Portal_1.1/venv/lib/python3.11/site-packages/django/db/models/query.py\", line 1446, in _filter_or_exclude_inplace\n    self._query.add_q(Q(*args, **kwargs))\n  File \"/Users/russiks/Library/Mobile Documents/com~apple~CloudDocs/SkillFactory/PycharmProjects/NewProject/News_Portal_1.1/venv/lib/python3.11/site-packages/django/db/models/sql/query.py\", line 1532, in add_q\n    clause, _ = self._add_q(q_object, self.used_aliases)\n                ^^^^^^^^^^^^^^^^^^^^^^^^^^^^^^^^^^^^^^^^\n  File \"/Users/russiks/Library/Mobile Documents/com~apple~CloudDocs/SkillFactory/PycharmProjects/NewProject/News_Portal_1.1/venv/lib/python3.11/site-packages/django/db/models/sql/query.py\", line 1562, in _add_q\n    child_clause, needed_inner = self.build_filter(\n                                 ^^^^^^^^^^^^^^^^^^\n  File \"/Users/russiks/Library/Mobile Documents/com~apple~CloudDocs/SkillFactory/PycharmProjects/NewProject/News_Portal_1.1/venv/lib/python3.11/site-packages/django/db/models/sql/query.py\", line 1407, in build_filter\n    lookups, parts, reffed_expression = self.solve_lookup_type(arg)\n                                        ^^^^^^^^^^^^^^^^^^^^^^^^^^^\n  File \"/Users/russiks/Library/Mobile Documents/com~apple~CloudDocs/SkillFactory/PycharmProjects/NewProject/News_Portal_1.1/venv/lib/python3.11/site-packages/django/db/models/sql/query.py\", line 1217, in solve_lookup_type\n    _, field, _, lookup_parts = self.names_to_path(lookup_splitted, self.get_meta())\n                                ^^^^^^^^^^^^^^^^^^^^^^^^^^^^^^^^^^^^^^^^^^^^^^^^^^^^\n  File \"/Users/russiks/Library/Mobile Documents/com~apple~CloudDocs/SkillFactory/PycharmProjects/NewProject/News_Portal_1.1/venv/lib/python3.11/site-packages/django/db/models/sql/query.py\", line 1709, in names_to_path\n    raise FieldError(\n"}}, {"model": "django_apscheduler.djangojobexecution", "pk": 6, "fields": {"job": "my_job", "status": "Error!", "run_time": "2023-03-04T21:22:20Z", "duration": "0.01", "finished": "1677964940.01", "exception": "Cannot resolve keyword 'dateCrearion' into field. Choices are: author, author_id, categoryType, comment, dateCreation, id, postCategory, postcategory, rating, text, title", "traceback": "  File \"/Users/russiks/Library/Mobile Documents/com~apple~CloudDocs/SkillFactory/PycharmProjects/NewProject/News_Portal_1.1/venv/lib/python3.11/site-packages/apscheduler/executors/base.py\", line 125, in run_job\n    retval = job.func(*job.args, **job.kwargs)\n             ^^^^^^^^^^^^^^^^^^^^^^^^^^^^^^^^^\n  File \"/Users/russiks/Library/Mobile Documents/com~apple~CloudDocs/SkillFactory/PycharmProjects/NewProject/My_Projects/News_Portal_From_Django_D6/News_Portal1.2/NewsPortal/newsapp/management/commands/runapscheduler.py\", line 22, in my_job\n    posts = Post.objects.filter(dateCrearion__gte=last_week)  # Фильтруем категории по дате создания (gte - больше\n            ^^^^^^^^^^^^^^^^^^^^^^^^^^^^^^^^^^^^^^^^^^^^^^^^\n  File \"/Users/russiks/Library/Mobile Documents/com~apple~CloudDocs/SkillFactory/PycharmProjects/NewProject/News_Portal_1.1/venv/lib/python3.11/site-packages/django/db/models/manager.py\", line 85, in manager_method\n    return getattr(self.get_queryset(), name)(*args, **kwargs)\n           ^^^^^^^^^^^^^^^^^^^^^^^^^^^^^^^^^^^^^^^^^^^^^^^^^^^\n  File \"/Users/russiks/Library/Mobile Documents/com~apple~CloudDocs/SkillFactory/PycharmProjects/NewProject/News_Portal_1.1/venv/lib/python3.11/site-packages/django/db/models/query.py\", line 1421, in filter\n    return self._filter_or_exclude(False, args, kwargs)\n           ^^^^^^^^^^^^^^^^^^^^^^^^^^^^^^^^^^^^^^^^^^^^\n  File \"/Users/russiks/Library/Mobile Documents/com~apple~CloudDocs/SkillFactory/PycharmProjects/NewProject/News_Portal_1.1/venv/lib/python3.11/site-packages/django/db/models/query.py\", line 1439, in _filter_or_exclude\n    clone._filter_or_exclude_inplace(negate, args, kwargs)\n  File \"/Users/russiks/Library/Mobile Documents/com~apple~CloudDocs/SkillFactory/PycharmProjects/NewProject/News_Portal_1.1/venv/lib/python3.11/site-packages/django/db/models/query.py\", line 1446, in _filter_or_exclude_inplace\n    self._query.add_q(Q(*args, **kwargs))\n  File \"/Users/russiks/Library/Mobile Documents/com~apple~CloudDocs/SkillFactory/PycharmProjects/NewProject/News_Portal_1.1/venv/lib/python3.11/site-packages/django/db/models/sql/query.py\", line 1532, in add_q\n    clause, _ = self._add_q(q_object, self.used_aliases)\n                ^^^^^^^^^^^^^^^^^^^^^^^^^^^^^^^^^^^^^^^^\n  File \"/Users/russiks/Library/Mobile Documents/com~apple~CloudDocs/SkillFactory/PycharmProjects/NewProject/News_Portal_1.1/venv/lib/python3.11/site-packages/django/db/models/sql/query.py\", line 1562, in _add_q\n    child_clause, needed_inner = self.build_filter(\n                                 ^^^^^^^^^^^^^^^^^^\n  File \"/Users/russiks/Library/Mobile Documents/com~apple~CloudDocs/SkillFactory/PycharmProjects/NewProject/News_Portal_1.1/venv/lib/python3.11/site-packages/django/db/models/sql/query.py\", line 1407, in build_filter\n    lookups, parts, reffed_expression = self.solve_lookup_type(arg)\n                                        ^^^^^^^^^^^^^^^^^^^^^^^^^^^\n  File \"/Users/russiks/Library/Mobile Documents/com~apple~CloudDocs/SkillFactory/PycharmProjects/NewProject/News_Portal_1.1/venv/lib/python3.11/site-packages/django/db/models/sql/query.py\", line 1217, in solve_lookup_type\n    _, field, _, lookup_parts = self.names_to_path(lookup_splitted, self.get_meta())\n                                ^^^^^^^^^^^^^^^^^^^^^^^^^^^^^^^^^^^^^^^^^^^^^^^^^^^^\n  File \"/Users/russiks/Library/Mobile Documents/com~apple~CloudDocs/SkillFactory/PycharmProjects/NewProject/News_Portal_1.1/venv/lib/python3.11/site-packages/django/db/models/sql/query.py\", line 1709, in names_to_path\n    raise FieldError(\n"}}, {"model": "django_apscheduler.djangojobexecution", "pk": 7, "fields": {"job": "my_job", "status": "Error!", "run_time": "2023-03-04T21:22:30Z", "duration": "0.02", "finished": "1677964950.02", "exception": "Cannot resolve keyword 'dateCrearion' into field. Choices are: author, author_id, categoryType, comment, dateCreation, id, postCategory, postcategory, rating, text, title", "traceback": "  File \"/Users/russiks/Library/Mobile Documents/com~apple~CloudDocs/SkillFactory/PycharmProjects/NewProject/News_Portal_1.1/venv/lib/python3.11/site-packages/apscheduler/executors/base.py\", line 125, in run_job\n    retval = job.func(*job.args, **job.kwargs)\n             ^^^^^^^^^^^^^^^^^^^^^^^^^^^^^^^^^\n  File \"/Users/russiks/Library/Mobile Documents/com~apple~CloudDocs/SkillFactory/PycharmProjects/NewProject/My_Projects/News_Portal_From_Django_D6/News_Portal1.2/NewsPortal/newsapp/management/commands/runapscheduler.py\", line 22, in my_job\n    posts = Post.objects.filter(dateCrearion__gte=last_week)  # Фильтруем категории по дате создания (gte - больше\n            ^^^^^^^^^^^^^^^^^^^^^^^^^^^^^^^^^^^^^^^^^^^^^^^^\n  File \"/Users/russiks/Library/Mobile Documents/com~apple~CloudDocs/SkillFactory/PycharmProjects/NewProject/News_Portal_1.1/venv/lib/python3.11/site-packages/django/db/models/manager.py\", line 85, in manager_method\n    return getattr(self.get_queryset(), name)(*args, **kwargs)\n           ^^^^^^^^^^^^^^^^^^^^^^^^^^^^^^^^^^^^^^^^^^^^^^^^^^^\n  File \"/Users/russiks/Library/Mobile Documents/com~apple~CloudDocs/SkillFactory/PycharmProjects/NewProject/News_Portal_1.1/venv/lib/python3.11/site-packages/django/db/models/query.py\", line 1421, in filter\n    return self._filter_or_exclude(False, args, kwargs)\n           ^^^^^^^^^^^^^^^^^^^^^^^^^^^^^^^^^^^^^^^^^^^^\n  File \"/Users/russiks/Library/Mobile Documents/com~apple~CloudDocs/SkillFactory/PycharmProjects/NewProject/News_Portal_1.1/venv/lib/python3.11/site-packages/django/db/models/query.py\", line 1439, in _filter_or_exclude\n    clone._filter_or_exclude_inplace(negate, args, kwargs)\n  File \"/Users/russiks/Library/Mobile Documents/com~apple~CloudDocs/SkillFactory/PycharmProjects/NewProject/News_Portal_1.1/venv/lib/python3.11/site-packages/django/db/models/query.py\", line 1446, in _filter_or_exclude_inplace\n    self._query.add_q(Q(*args, **kwargs))\n  File \"/Users/russiks/Library/Mobile Documents/com~apple~CloudDocs/SkillFactory/PycharmProjects/NewProject/News_Portal_1.1/venv/lib/python3.11/site-packages/django/db/models/sql/query.py\", line 1532, in add_q\n    clause, _ = self._add_q(q_object, self.used_aliases)\n                ^^^^^^^^^^^^^^^^^^^^^^^^^^^^^^^^^^^^^^^^\n  File \"/Users/russiks/Library/Mobile Documents/com~apple~CloudDocs/SkillFactory/PycharmProjects/NewProject/News_Portal_1.1/venv/lib/python3.11/site-packages/django/db/models/sql/query.py\", line 1562, in _add_q\n    child_clause, needed_inner = self.build_filter(\n                                 ^^^^^^^^^^^^^^^^^^\n  File \"/Users/russiks/Library/Mobile Documents/com~apple~CloudDocs/SkillFactory/PycharmProjects/NewProject/News_Portal_1.1/venv/lib/python3.11/site-packages/django/db/models/sql/query.py\", line 1407, in build_filter\n    lookups, parts, reffed_expression = self.solve_lookup_type(arg)\n                                        ^^^^^^^^^^^^^^^^^^^^^^^^^^^\n  File \"/Users/russiks/Library/Mobile Documents/com~apple~CloudDocs/SkillFactory/PycharmProjects/NewProject/News_Portal_1.1/venv/lib/python3.11/site-packages/django/db/models/sql/query.py\", line 1217, in solve_lookup_type\n    _, field, _, lookup_parts = self.names_to_path(lookup_splitted, self.get_meta())\n                                ^^^^^^^^^^^^^^^^^^^^^^^^^^^^^^^^^^^^^^^^^^^^^^^^^^^^\n  File \"/Users/russiks/Library/Mobile Documents/com~apple~CloudDocs/SkillFactory/PycharmProjects/NewProject/News_Portal_1.1/venv/lib/python3.11/site-packages/django/db/models/sql/query.py\", line 1709, in names_to_path\n    raise FieldError(\n"}}, {"model": "django_apscheduler.djangojobexecution", "pk": 8, "fields": {"job": "my_job", "status": "Error!", "run_time": "2023-03-04T21:22:50Z", "duration": "0.02", "finished": "1677964970.02", "exception": "Cannot resolve keyword 'PostCategory' into field. Choices are: author, author_id, categoryType, comment, dateCreation, id, postCategory, postcategory, rating, text, title", "traceback": "  File \"/Users/russiks/Library/Mobile Documents/com~apple~CloudDocs/SkillFactory/PycharmProjects/NewProject/News_Portal_1.1/venv/lib/python3.11/site-packages/apscheduler/executors/base.py\", line 125, in run_job\n    retval = job.func(*job.args, **job.kwargs)\n             ^^^^^^^^^^^^^^^^^^^^^^^^^^^^^^^^^\n  File \"/Users/russiks/Library/Mobile Documents/com~apple~CloudDocs/SkillFactory/PycharmProjects/NewProject/My_Projects/News_Portal_From_Django_D6/News_Portal1.2/NewsPortal/newsapp/management/commands/runapscheduler.py\", line 24, in my_job\n    categories = set(posts.values_list('PostCategory__name', flat=True))  # Получаем категории статей\n                     ^^^^^^^^^^^^^^^^^^^^^^^^^^^^^^^^^^^^^^^^^^^^^^^^^^\n  File \"/Users/russiks/Library/Mobile Documents/com~apple~CloudDocs/SkillFactory/PycharmProjects/NewProject/News_Portal_1.1/venv/lib/python3.11/site-packages/django/db/models/query.py\", line 1330, in values_list\n    clone = self._values(*_fields, **expressions)\n            ^^^^^^^^^^^^^^^^^^^^^^^^^^^^^^^^^^^^^\n  File \"/Users/russiks/Library/Mobile Documents/com~apple~CloudDocs/SkillFactory/PycharmProjects/NewProject/News_Portal_1.1/venv/lib/python3.11/site-packages/django/db/models/query.py\", line 1293, in _values\n    clone.query.set_values(fields)\n  File \"/Users/russiks/Library/Mobile Documents/com~apple~CloudDocs/SkillFactory/PycharmProjects/NewProject/News_Portal_1.1/venv/lib/python3.11/site-packages/django/db/models/sql/query.py\", line 2437, in set_values\n    self.add_fields(field_names, True)\n  File \"/Users/russiks/Library/Mobile Documents/com~apple~CloudDocs/SkillFactory/PycharmProjects/NewProject/News_Portal_1.1/venv/lib/python3.11/site-packages/django/db/models/sql/query.py\", line 2142, in add_fields\n    join_info = self.setup_joins(\n                ^^^^^^^^^^^^^^^^^\n  File \"/Users/russiks/Library/Mobile Documents/com~apple~CloudDocs/SkillFactory/PycharmProjects/NewProject/News_Portal_1.1/venv/lib/python3.11/site-packages/django/db/models/sql/query.py\", line 1808, in setup_joins\n    path, final_field, targets, rest = self.names_to_path(\n                                       ^^^^^^^^^^^^^^^^^^^\n  File \"/Users/russiks/Library/Mobile Documents/com~apple~CloudDocs/SkillFactory/PycharmProjects/NewProject/News_Portal_1.1/venv/lib/python3.11/site-packages/django/db/models/sql/query.py\", line 1709, in names_to_path\n    raise FieldError(\n"}}, {"model": "django_apscheduler.djangojobexecution", "pk": 9, "fields": {"job": "my_job", "status": "Error!", "run_time": "2023-03-04T21:23:00Z", "duration": "0.03", "finished": "1677964980.03", "exception": "Cannot resolve keyword 'PostCategory' into field. Choices are: author, author_id, categoryType, comment, dateCreation, id, postCategory, postcategory, rating, text, title", "traceback": "  File \"/Users/russiks/Library/Mobile Documents/com~apple~CloudDocs/SkillFactory/PycharmProjects/NewProject/News_Portal_1.1/venv/lib/python3.11/site-packages/apscheduler/executors/base.py\", line 125, in run_job\n    retval = job.func(*job.args, **job.kwargs)\n             ^^^^^^^^^^^^^^^^^^^^^^^^^^^^^^^^^\n  File \"/Users/russiks/Library/Mobile Documents/com~apple~CloudDocs/SkillFactory/PycharmProjects/NewProject/My_Projects/News_Portal_From_Django_D6/News_Portal1.2/NewsPortal/newsapp/management/commands/runapscheduler.py\", line 24, in my_job\n    categories = set(posts.values_list('PostCategory__name', flat=True))  # Получаем категории статей\n                     ^^^^^^^^^^^^^^^^^^^^^^^^^^^^^^^^^^^^^^^^^^^^^^^^^^\n  File \"/Users/russiks/Library/Mobile Documents/com~apple~CloudDocs/SkillFactory/PycharmProjects/NewProject/News_Portal_1.1/venv/lib/python3.11/site-packages/django/db/models/query.py\", line 1330, in values_list\n    clone = self._values(*_fields, **expressions)\n            ^^^^^^^^^^^^^^^^^^^^^^^^^^^^^^^^^^^^^\n  File \"/Users/russiks/Library/Mobile Documents/com~apple~CloudDocs/SkillFactory/PycharmProjects/NewProject/News_Portal_1.1/venv/lib/python3.11/site-packages/django/db/models/query.py\", line 1293, in _values\n    clone.query.set_values(fields)\n  File \"/Users/russiks/Library/Mobile Documents/com~apple~CloudDocs/SkillFactory/PycharmProjects/NewProject/News_Portal_1.1/venv/lib/python3.11/site-packages/django/db/models/sql/query.py\", line 2437, in set_values\n    self.add_fields(field_names, True)\n  File \"/Users/russiks/Library/Mobile Documents/com~apple~CloudDocs/SkillFactory/PycharmProjects/NewProject/News_Portal_1.1/venv/lib/python3.11/site-packages/django/db/models/sql/query.py\", line 2142, in add_fields\n    join_info = self.setup_joins(\n                ^^^^^^^^^^^^^^^^^\n  File \"/Users/russiks/Library/Mobile Documents/com~apple~CloudDocs/SkillFactory/PycharmProjects/NewProject/News_Portal_1.1/venv/lib/python3.11/site-packages/django/db/models/sql/query.py\", line 1808, in setup_joins\n    path, final_field, targets, rest = self.names_to_path(\n                                       ^^^^^^^^^^^^^^^^^^^\n  File \"/Users/russiks/Library/Mobile Documents/com~apple~CloudDocs/SkillFactory/PycharmProjects/NewProject/News_Portal_1.1/venv/lib/python3.11/site-packages/django/db/models/sql/query.py\", line 1709, in names_to_path\n    raise FieldError(\n"}}, {"model": "django_apscheduler.djangojobexecution", "pk": 10, "fields": {"job": "my_job", "status": "Error!", "run_time": "2023-03-04T21:23:10Z", "duration": "0.03", "finished": "1677964990.03", "exception": "Cannot resolve keyword 'PostCategory' into field. Choices are: author, author_id, categoryType, comment, dateCreation, id, postCategory, postcategory, rating, text, title", "traceback": "  File \"/Users/russiks/Library/Mobile Documents/com~apple~CloudDocs/SkillFactory/PycharmProjects/NewProject/News_Portal_1.1/venv/lib/python3.11/site-packages/apscheduler/executors/base.py\", line 125, in run_job\n    retval = job.func(*job.args, **job.kwargs)\n             ^^^^^^^^^^^^^^^^^^^^^^^^^^^^^^^^^\n  File \"/Users/russiks/Library/Mobile Documents/com~apple~CloudDocs/SkillFactory/PycharmProjects/NewProject/My_Projects/News_Portal_From_Django_D6/News_Portal1.2/NewsPortal/newsapp/management/commands/runapscheduler.py\", line 24, in my_job\n    categories = set(posts.values_list('PostCategory__name', flat=True))  # Получаем категории статей\n                     ^^^^^^^^^^^^^^^^^^^^^^^^^^^^^^^^^^^^^^^^^^^^^^^^^^\n  File \"/Users/russiks/Library/Mobile Documents/com~apple~CloudDocs/SkillFactory/PycharmProjects/NewProject/News_Portal_1.1/venv/lib/python3.11/site-packages/django/db/models/query.py\", line 1330, in values_list\n    clone = self._values(*_fields, **expressions)\n            ^^^^^^^^^^^^^^^^^^^^^^^^^^^^^^^^^^^^^\n  File \"/Users/russiks/Library/Mobile Documents/com~apple~CloudDocs/SkillFactory/PycharmProjects/NewProject/News_Portal_1.1/venv/lib/python3.11/site-packages/django/db/models/query.py\", line 1293, in _values\n    clone.query.set_values(fields)\n  File \"/Users/russiks/Library/Mobile Documents/com~apple~CloudDocs/SkillFactory/PycharmProjects/NewProject/News_Portal_1.1/venv/lib/python3.11/site-packages/django/db/models/sql/query.py\", line 2437, in set_values\n    self.add_fields(field_names, True)\n  File \"/Users/russiks/Library/Mobile Documents/com~apple~CloudDocs/SkillFactory/PycharmProjects/NewProject/News_Portal_1.1/venv/lib/python3.11/site-packages/django/db/models/sql/query.py\", line 2142, in add_fields\n    join_info = self.setup_joins(\n                ^^^^^^^^^^^^^^^^^\n  File \"/Users/russiks/Library/Mobile Documents/com~apple~CloudDocs/SkillFactory/PycharmProjects/NewProject/News_Portal_1.1/venv/lib/python3.11/site-packages/django/db/models/sql/query.py\", line 1808, in setup_joins\n    path, final_field, targets, rest = self.names_to_path(\n                                       ^^^^^^^^^^^^^^^^^^^\n  File \"/Users/russiks/Library/Mobile Documents/com~apple~CloudDocs/SkillFactory/PycharmProjects/NewProject/News_Portal_1.1/venv/lib/python3.11/site-packages/django/db/models/sql/query.py\", line 1709, in names_to_path\n    raise FieldError(\n"}}, {"model": "django_apscheduler.djangojobexecution", "pk": 11, "fields": {"job": "my_job", "status": "Error!", "run_time": "2023-03-04T21:23:20Z", "duration": "0.03", "finished": "1677965000.03", "exception": "Cannot resolve keyword 'PostCategory' into field. Choices are: author, author_id, categoryType, comment, dateCreation, id, postCategory, postcategory, rating, text, title", "traceback": "  File \"/Users/russiks/Library/Mobile Documents/com~apple~CloudDocs/SkillFactory/PycharmProjects/NewProject/News_Portal_1.1/venv/lib/python3.11/site-packages/apscheduler/executors/base.py\", line 125, in run_job\n    retval = job.func(*job.args, **job.kwargs)\n             ^^^^^^^^^^^^^^^^^^^^^^^^^^^^^^^^^\n  File \"/Users/russiks/Library/Mobile Documents/com~apple~CloudDocs/SkillFactory/PycharmProjects/NewProject/My_Projects/News_Portal_From_Django_D6/News_Portal1.2/NewsPortal/newsapp/management/commands/runapscheduler.py\", line 24, in my_job\n    categories = set(posts.values_list('PostCategory__name', flat=True))  # Получаем категории статей\n                     ^^^^^^^^^^^^^^^^^^^^^^^^^^^^^^^^^^^^^^^^^^^^^^^^^^\n  File \"/Users/russiks/Library/Mobile Documents/com~apple~CloudDocs/SkillFactory/PycharmProjects/NewProject/News_Portal_1.1/venv/lib/python3.11/site-packages/django/db/models/query.py\", line 1330, in values_list\n    clone = self._values(*_fields, **expressions)\n            ^^^^^^^^^^^^^^^^^^^^^^^^^^^^^^^^^^^^^\n  File \"/Users/russiks/Library/Mobile Documents/com~apple~CloudDocs/SkillFactory/PycharmProjects/NewProject/News_Portal_1.1/venv/lib/python3.11/site-packages/django/db/models/query.py\", line 1293, in _values\n    clone.query.set_values(fields)\n  File \"/Users/russiks/Library/Mobile Documents/com~apple~CloudDocs/SkillFactory/PycharmProjects/NewProject/News_Portal_1.1/venv/lib/python3.11/site-packages/django/db/models/sql/query.py\", line 2437, in set_values\n    self.add_fields(field_names, True)\n  File \"/Users/russiks/Library/Mobile Documents/com~apple~CloudDocs/SkillFactory/PycharmProjects/NewProject/News_Portal_1.1/venv/lib/python3.11/site-packages/django/db/models/sql/query.py\", line 2142, in add_fields\n    join_info = self.setup_joins(\n                ^^^^^^^^^^^^^^^^^\n  File \"/Users/russiks/Library/Mobile Documents/com~apple~CloudDocs/SkillFactory/PycharmProjects/NewProject/News_Portal_1.1/venv/lib/python3.11/site-packages/django/db/models/sql/query.py\", line 1808, in setup_joins\n    path, final_field, targets, rest = self.names_to_path(\n                                       ^^^^^^^^^^^^^^^^^^^\n  File \"/Users/russiks/Library/Mobile Documents/com~apple~CloudDocs/SkillFactory/PycharmProjects/NewProject/News_Portal_1.1/venv/lib/python3.11/site-packages/django/db/models/sql/query.py\", line 1709, in names_to_path\n    raise FieldError(\n"}}, {"model": "django_apscheduler.djangojobexecution", "pk": 12, "fields": {"job": "my_job", "status": "Executed", "run_time": "2023-03-04T21:23:40Z", "duration": "0.20", "finished": "1677965020.20", "exception": null, "traceback": null}}, {"model": "django_apscheduler.djangojobexecution", "pk": 13, "fields": {"job": "my_job", "status": "Executed", "run_time": "2023-03-04T21:23:50Z", "duration": "0.04", "finished": "1677965030.04", "exception": null, "traceback": null}}, {"model": "django_apscheduler.djangojobexecution", "pk": 14, "fields": {"job": "my_job", "status": "Executed", "run_time": "2023-03-04T21:24:00Z", "duration": "0.04", "finished": "1677965040.04", "exception": null, "traceback": null}}, {"model": "django_apscheduler.djangojobexecution", "pk": 15, "fields": {"job": "my_job", "status": "Executed", "run_time": "2023-03-04T21:24:10Z", "duration": "0.04", "finished": "1677965050.04", "exception": null, "traceback": null}}, {"model": "django_apscheduler.djangojobexecution", "pk": 16, "fields": {"job": "my_job", "status": "Executed", "run_time": "2023-03-04T21:24:20Z", "duration": "0.05", "finished": "1677965060.05", "exception": null, "traceback": null}}, {"model": "django_apscheduler.djangojobexecution", "pk": 17, "fields": {"job": "my_job", "status": "Executed", "run_time": "2023-03-04T21:24:30Z", "duration": "0.04", "finished": "1677965070.04", "exception": null, "traceback": null}}, {"model": "django_apscheduler.djangojobexecution", "pk": 18, "fields": {"job": "my_job", "status": "Executed", "run_time": "2023-03-04T21:24:40Z", "duration": "0.04", "finished": "1677965080.04", "exception": null, "traceback": null}}, {"model": "django_apscheduler.djangojobexecution", "pk": 19, "fields": {"job": "my_job", "status": "Executed", "run_time": "2023-03-04T21:24:50Z", "duration": "0.04", "finished": "1677965090.04", "exception": null, "traceback": null}}, {"model": "django_apscheduler.djangojobexecution", "pk": 20, "fields": {"job": "my_job", "status": "Executed", "run_time": "2023-03-04T21:25:00Z", "duration": "0.04", "finished": "1677965100.04", "exception": null, "traceback": null}}, {"model": "django_apscheduler.djangojobexecution", "pk": 21, "fields": {"job": "my_job", "status": "Executed", "run_time": "2023-03-04T21:25:10Z", "duration": "0.05", "finished": "1677965110.05", "exception": null, "traceback": null}}, {"model": "django_apscheduler.djangojobexecution", "pk": 22, "fields": {"job": "my_job", "status": "Executed", "run_time": "2023-03-04T21:25:20Z", "duration": "0.06", "finished": "1677965120.06", "exception": null, "traceback": null}}, {"model": "django_apscheduler.djangojobexecution", "pk": 23, "fields": {"job": "my_job", "status": "Executed", "run_time": "2023-03-04T21:25:30Z", "duration": "0.06", "finished": "1677965130.06", "exception": null, "traceback": null}}, {"model": "django_apscheduler.djangojobexecution", "pk": 24, "fields": {"job": "my_job", "status": "Executed", "run_time": "2023-03-04T21:25:40Z", "duration": "0.06", "finished": "1677965140.06", "exception": null, "traceback": null}}, {"model": "django_apscheduler.djangojobexecution", "pk": 25, "fields": {"job": "my_job", "status": "Executed", "run_time": "2023-03-04T21:25:50Z", "duration": "0.04", "finished": "1677965150.04", "exception": null, "traceback": null}}, {"model": "django_apscheduler.djangojobexecution", "pk": 26, "fields": {"job": "my_job", "status": "Executed", "run_time": "2023-03-04T21:26:00Z", "duration": "0.06", "finished": "1677965160.06", "exception": null, "traceback": null}}, {"model": "django_apscheduler.djangojobexecution", "pk": 27, "fields": {"job": "my_job", "status": "Executed", "run_time": "2023-03-04T21:26:10Z", "duration": "0.05", "finished": "1677965170.05", "exception": null, "traceback": null}}, {"model": "django_apscheduler.djangojobexecution", "pk": 28, "fields": {"job": "my_job", "status": "Executed", "run_time": "2023-03-04T21:26:20Z", "duration": "0.05", "finished": "1677965180.05", "exception": null, "traceback": null}}, {"model": "django_apscheduler.djangojobexecution", "pk": 29, "fields": {"job": "my_job", "status": "Executed", "run_time": "2023-03-04T21:26:30Z", "duration": "0.05", "finished": "1677965190.05", "exception": null, "traceback": null}}, {"model": "django_apscheduler.djangojobexecution", "pk": 30, "fields": {"job": "my_job", "status": "Executed", "run_time": "2023-03-04T21:26:40Z", "duration": "0.04", "finished": "1677965200.04", "exception": null, "traceback": null}}, {"model": "django_apscheduler.djangojobexecution", "pk": 31, "fields": {"job": "my_job", "status": "Executed", "run_time": "2023-03-04T21:26:50Z", "duration": "0.05", "finished": "1677965210.05", "exception": null, "traceback": null}}, {"model": "django_apscheduler.djangojobexecution", "pk": 32, "fields": {"job": "my_job", "status": "Executed", "run_time": "2023-03-04T21:27:00Z", "duration": "0.05", "finished": "1677965220.05", "exception": null, "traceback": null}}, {"model": "django_apscheduler.djangojobexecution", "pk": 33, "fields": {"job": "my_job", "status": "Executed", "run_time": "2023-03-04T21:27:10Z", "duration": "0.06", "finished": "1677965230.06", "exception": null, "traceback": null}}, {"model": "django_apscheduler.djangojobexecution", "pk": 34, "fields": {"job": "my_job", "status": "Executed", "run_time": "2023-03-04T21:27:20Z", "duration": "0.06", "finished": "1677965240.06", "exception": null, "traceback": null}}, {"model": "django_apscheduler.djangojobexecution", "pk": 35, "fields": {"job": "my_job", "status": "Executed", "run_time": "2023-03-04T21:27:30Z", "duration": "0.05", "finished": "1677965250.05", "exception": null, "traceback": null}}, {"model": "django_apscheduler.djangojobexecution", "pk": 36, "fields": {"job": "my_job", "status": "Executed", "run_time": "2023-03-04T21:27:40Z", "duration": "0.06", "finished": "1677965260.06", "exception": null, "traceback": null}}, {"model": "django_apscheduler.djangojobexecution", "pk": 37, "fields": {"job": "my_job", "status": "Executed", "run_time": "2023-03-04T21:27:50Z", "duration": "0.04", "finished": "1677965270.04", "exception": null, "traceback": null}}, {"model": "django_apscheduler.djangojobexecution", "pk": 38, "fields": {"job": "my_job", "status": "Executed", "run_time": "2023-03-04T21:28:00Z", "duration": "0.05", "finished": "1677965280.05", "exception": null, "traceback": null}}, {"model": "django_apscheduler.djangojobexecution", "pk": 39, "fields": {"job": "my_job", "status": "Executed", "run_time": "2023-03-04T21:28:10Z", "duration": "0.03", "finished": "1677965290.03", "exception": null, "traceback": null}}, {"model": "django_apscheduler.djangojobexecution", "pk": 40, "fields": {"job": "my_job", "status": "Executed", "run_time": "2023-03-04T21:28:20Z", "duration": "0.05", "finished": "1677965300.05", "exception": null, "traceback": null}}, {"model": "django_apscheduler.djangojobexecution", "pk": 41, "fields": {"job": "my_job", "status": "Executed", "run_time": "2023-03-04T21:28:30Z", "duration": "0.04", "finished": "1677965310.04", "exception": null, "traceback": null}}, {"model": "django_apscheduler.djangojobexecution", "pk": 42, "fields": {"job": "my_job", "status": "Executed", "run_time": "2023-03-04T21:28:40Z", "duration": "0.04", "finished": "1677965320.04", "exception": null, "traceback": null}}, {"model": "django_apscheduler.djangojobexecution", "pk": 43, "fields": {"job": "my_job", "status": "Executed", "run_time": "2023-03-04T21:28:50Z", "duration": "0.04", "finished": "1677965330.04", "exception": null, "traceback": null}}, {"model": "django_apscheduler.djangojobexecution", "pk": 44, "fields": {"job": "my_job", "status": "Executed", "run_time": "2023-03-04T21:29:00Z", "duration": "0.05", "finished": "1677965340.05", "exception": null, "traceback": null}}, {"model": "django_apscheduler.djangojobexecution", "pk": 45, "fields": {"job": "my_job", "status": "Executed", "run_time": "2023-03-04T21:29:10Z", "duration": "0.05", "finished": "1677965350.05", "exception": null, "traceback": null}}, {"model": "django_apscheduler.djangojobexecution", "pk": 46, "fields": {"job": "my_job", "status": "Executed", "run_time": "2023-03-04T21:29:20Z", "duration": "0.05", "finished": "1677965360.05", "exception": null, "traceback": null}}, {"model": "django_apscheduler.djangojobexecution", "pk": 47, "fields": {"job": "my_job", "status": "Executed", "run_time": "2023-03-04T21:29:30Z", "duration": "0.03", "finished": "1677965370.03", "exception": null, "traceback": null}}, {"model": "django_apscheduler.djangojobexecution", "pk": 48, "fields": {"job": "my_job", "status": "Executed", "run_time": "2023-03-04T21:29:40Z", "duration": "0.05", "finished": "1677965380.05", "exception": null, "traceback": null}}, {"model": "django_apscheduler.djangojobexecution", "pk": 49, "fields": {"job": "my_job", "status": "Executed", "run_time": "2023-03-04T21:29:50Z", "duration": "0.03", "finished": "1677965390.03", "exception": null, "traceback": null}}, {"model": "django_apscheduler.djangojobexecution", "pk": 50, "fields": {"job": "my_job", "status": "Executed", "run_time": "2023-03-04T21:30:30Z", "duration": "0.70", "finished": "1677965430.70", "exception": null, "traceback": null}}, {"model": "django_apscheduler.djangojobexecution", "pk": 51, "fields": {"job": "my_job", "status": "Executed", "run_time": "2023-03-04T21:30:40Z", "duration": "0.45", "finished": "1677965440.45", "exception": null, "traceback": null}}]